frame_0.zeroDeg.bin, -12.680327, -5.812391, -11.746916, -5.507689
frame_0.zeroDeg.bin, -10.019836, -4.886796, 10.053026, 2.204978
frame_0.zeroDeg.bin, 23.407822, 5.563945, 22.503708, 8.135119
frame_0.zeroDeg.bin, 11.987198, 4.390653, 11.781844, 5.061371
frame_0.zeroDeg.bin, 11.664023, 5.375241, -11.733508, -2.897617
frame_1.zeroDeg.bin, -12.678509, -5.811558, -11.740578, -5.504717
frame_1.zeroDeg.bin, -9.804791, -4.807543, 10.047166, 2.203692
frame_1.zeroDeg.bin, 23.407822, 5.563945, 22.505589, 8.135799
frame_1.zeroDeg.bin, 11.996588, 4.394093, 11.778170, 5.059793
frame_1.zeroDeg.bin, 11.661299, 5.373985, -10.998557, -2.640162
frame_2.zeroDeg.bin, -12.675782, -5.810308, -11.739673, -5.504292
frame_2.zeroDeg.bin, -9.979390, -4.867070, 10.044235, 2.203049
frame_2.zeroDeg.bin, 23.401011, 5.562326, 22.510292, 8.137499
frame_2.zeroDeg.bin, 11.990954, 4.392029, 11.778170, 5.059793
frame_2.zeroDeg.bin, 11.658882, 5.405431, -10.957718, -2.630358
frame_3.zeroDeg.bin, -12.675782, -5.810308, -11.732430, -5.500896
frame_3.zeroDeg.bin, -10.246110, -4.967998, 10.085260, 2.212048
frame_3.zeroDeg.bin, 23.416578, 5.566026, 22.500887, 8.134099
frame_3.zeroDeg.bin, 11.992832, 4.392717, 11.779087, 5.060187
frame_3.zeroDeg.bin, 11.662206, 5.374403, -10.947022, -2.627791
frame_4.zeroDeg.bin, -12.673965, -5.809474, -11.746916, -5.507689
frame_4.zeroDeg.bin, -10.027925, -4.890741, 10.048142, 2.203906
frame_4.zeroDeg.bin, 23.410740, 5.564639, 22.507469, 8.136479
frame_4.zeroDeg.bin, 11.996588, 4.394093, 11.778170, 5.059793
frame_4.zeroDeg.bin, 11.662206, 5.374403, -10.961607, -2.631292
frame_5.zeroDeg.bin, -12.676691, -5.810724, -11.741484, -5.505142
frame_5.zeroDeg.bin, -10.211017, -4.950983, 10.042282, 2.202621
frame_5.zeroDeg.bin, 23.407822, 5.563945, 22.494303, 8.131720
frame_5.zeroDeg.bin, 11.993771, 4.393061, 11.779087, 5.060187
frame_5.zeroDeg.bin, 11.660390, 5.373567, -10.961607, -2.631292
frame_6.zeroDeg.bin, -12.674873, -5.809891, -11.739673, -5.504292
frame_6.zeroDeg.bin, -9.826341, -4.818109, 10.041305, 2.202407
frame_6.zeroDeg.bin, 23.412685, 5.565101, 22.499004, 8.133419
frame_6.zeroDeg.bin, 12.002221, 4.396156, 11.778170, 5.059793
frame_6.zeroDeg.bin, 11.663115, 5.374822, -10.983000, -2.636427
frame_7.zeroDeg.bin, -12.673965, -5.809474, -11.742389, -5.505566
frame_7.zeroDeg.bin, -10.009050, -4.881536, 10.062795, 2.207120
frame_7.zeroDeg.bin, 23.415606, 5.565795, 22.495243, 8.132059
frame_7.zeroDeg.bin, 11.994710, 4.393404, 11.779087, 5.060187
frame_7.zeroDeg.bin, 11.664023, 5.375241, -10.959662, -2.630825
frame_8.zeroDeg.bin, -12.678509, -5.811558, -11.736957, -5.503019
frame_8.zeroDeg.bin, -10.216416, -4.953601, 10.056933, 2.205834
frame_8.zeroDeg.bin, 23.410740, 5.564639, 22.504648, 8.135459
frame_8.zeroDeg.bin, 11.989076, 4.391341, 11.780006, 5.060582
frame_8.zeroDeg.bin, 11.656757, 5.371892, -10.961607, -2.631292
frame_9.zeroDeg.bin, -12.676691, -5.810724, -11.741484, -5.505142
frame_9.zeroDeg.bin, -10.218215, -4.954473, 10.079400, 2.210762
frame_9.zeroDeg.bin, 23.419497, 5.566720, 22.498066, 8.133080
frame_9.zeroDeg.bin, 11.987198, 4.390653, 11.780006, 5.060582
frame_9.zeroDeg.bin, 11.659482, 5.373148, -10.953829, -2.629425
frame_10.zeroDeg.bin, -12.675782, -5.810308, -11.738768, -5.503868
frame_10.zeroDeg.bin, -10.216416, -4.953601, 10.067678, 2.208191
frame_10.zeroDeg.bin, 23.406849, 5.563714, 22.518755, 8.140558
frame_10.zeroDeg.bin, 12.000343, 4.395468, 11.777250, 5.059398
frame_10.zeroDeg.bin, 11.668564, 5.377333, -10.973276, -2.634093
frame_11.zeroDeg.bin, -12.680327, -5.812391, -11.742389, -5.505566
frame_11.zeroDeg.bin, -10.206518, -4.948802, 10.012979, 2.196194
frame_11.zeroDeg.bin, 23.404902, 5.563251, 22.500887, 8.134099
frame_11.zeroDeg.bin, 12.003160, 4.396500, 11.775413, 5.058609
frame_11.zeroDeg.bin, 11.663115, 5.374822, -10.968413, -2.632926
frame_12.zeroDeg.bin, -12.676691, -5.810724, -11.737862, -5.503443
frame_12.zeroDeg.bin, -10.178624, -4.935277, 10.056933, 2.205834
frame_12.zeroDeg.bin, 23.410740, 5.564639, 22.499004, 8.133419
frame_12.zeroDeg.bin, 11.990954, 4.392029, 11.776332, 5.059003
frame_12.zeroDeg.bin, 11.665839, 5.376078, -10.955773, -2.629891
frame_13.zeroDeg.bin, -12.675782, -5.810308, -11.750538, -5.509387
frame_13.zeroDeg.bin, -10.034217, -4.893810, 10.044235, 2.203049
frame_13.zeroDeg.bin, 23.406849, 5.563714, 22.492422, 8.131040
frame_13.zeroDeg.bin, 11.996588, 4.394093, 11.778170, 5.059793
frame_13.zeroDeg.bin, 11.660390, 5.373567, -10.984944, -2.636894
frame_14.zeroDeg.bin, -12.679419, -5.811975, -11.736957, -5.503019
frame_14.zeroDeg.bin, -10.227214, -4.958836, 10.063771, 2.207334
frame_14.zeroDeg.bin, 23.406849, 5.563714, 22.513111, 8.138518
frame_14.zeroDeg.bin, 11.998466, 4.394780, 11.777250, 5.059398
frame_14.zeroDeg.bin, 11.657666, 5.372311, -10.961607, -2.631292
frame_15.zeroDeg.bin, -12.676691, -5.810724, -11.726091, -5.497925
frame_15.zeroDeg.bin, -10.197520, -4.944439, 10.066701, 2.207977
frame_15.zeroDeg.bin, 23.409767, 5.564407, 22.504648, 8.135459
frame_15.zeroDeg.bin, 11.993771, 4.393061, 11.777250, 5.059398
frame_15.zeroDeg.bin, 11.661299, 5.373985, -10.963552, -2.631759
frame_16.zeroDeg.bin, -12.676691, -5.810724, -11.743295, -5.505991
frame_16.zeroDeg.bin, -10.436711, -5.033253, 10.036421, 2.201335
frame_16.zeroDeg.bin, 23.402958, 5.562789, 22.509350, 8.137158
frame_16.zeroDeg.bin, 12.003160, 4.396500, 11.777250, 5.059398
frame_16.zeroDeg.bin, 11.661299, 5.373985, -10.963552, -2.631759
frame_17.zeroDeg.bin, -12.674873, -5.809891, -11.736051, -5.502594
frame_17.zeroDeg.bin, -10.193021, -4.942257, 10.076469, 2.210119
frame_17.zeroDeg.bin, 23.404902, 5.563251, 22.507469, 8.136479
frame_17.zeroDeg.bin, 11.996588, 4.394093, 11.778170, 5.059793
frame_17.zeroDeg.bin, 11.664931, 5.375659, -10.973276, -2.634093
frame_18.zeroDeg.bin, -12.679419, -5.811975, -11.746916, -5.507689
frame_18.zeroDeg.bin, -9.973099, -4.864002, 10.068655, 2.208405
frame_18.zeroDeg.bin, 23.417549, 5.566257, 22.499945, 8.133759
frame_18.zeroDeg.bin, 11.997527, 4.394436, 11.781844, 5.061371
frame_18.zeroDeg.bin, 11.667656, 5.376915, -10.962580, -2.631525
frame_19.zeroDeg.bin, -12.676691, -5.810724, -11.744200, -5.506415
frame_19.zeroDeg.bin, -9.971301, -4.863125, 10.019816, 2.197693
frame_19.zeroDeg.bin, 23.411713, 5.564870, 22.501827, 8.134439
frame_19.zeroDeg.bin, 12.005039, 4.397188, 11.777250, 5.059398
frame_19.zeroDeg.bin, 11.658573, 5.372729, -10.945076, -2.627324
frame_20.zeroDeg.bin, -12.679419, -5.811975, -11.741484, -5.505142
frame_20.zeroDeg.bin, -10.243410, -4.966689, 10.062795, 2.207120
frame_20.zeroDeg.bin, 23.410740, 5.564639, 22.499004, 8.133419
frame_20.zeroDeg.bin, 11.990954, 4.392029, 11.776332, 5.059003
frame_20.zeroDeg.bin, 11.658573, 5.372729, -10.948967, -2.628258
frame_21.zeroDeg.bin, -12.673965, -5.809474, -11.742389, -5.505566
frame_21.zeroDeg.bin, -10.181323, -4.936585, 10.084284, 2.211833
frame_21.zeroDeg.bin, 23.405876, 5.563483, 22.491482, 8.130700
frame_21.zeroDeg.bin, 11.995648, 4.393748, 11.775413, 5.058609
frame_21.zeroDeg.bin, 11.666747, 5.376496, -10.966469, -2.632459
frame_22.zeroDeg.bin, -12.675782, -5.810308, -11.742389, -5.505566
frame_22.zeroDeg.bin, -10.187622, -4.939640, 10.080376, 2.210976
frame_22.zeroDeg.bin, 23.416578, 5.566026, 22.483017, 8.127640
frame_22.zeroDeg.bin, 11.994710, 4.393404, 11.778170, 5.059793
frame_22.zeroDeg.bin, 11.655849, 5.371474, -10.955773, -2.629891
frame_23.zeroDeg.bin, -12.679419, -5.811975, -11.727902, -5.498774
frame_23.zeroDeg.bin, -10.228113, -4.959272, 10.059864, 2.206477
frame_23.zeroDeg.bin, 23.403929, 5.563020, 22.491482, 8.130700
frame_23.zeroDeg.bin, 12.004100, 4.396844, 11.780006, 5.060582
frame_23.zeroDeg.bin, 11.664023, 5.375241, -10.966469, -2.632459
frame_24.zeroDeg.bin, -12.676691, -5.810724, -11.737862, -5.503443
frame_24.zeroDeg.bin, -10.221814, -4.956218, 10.065725, 2.207763
frame_24.zeroDeg.bin, 23.412685, 5.565101, 22.493362, 8.131379
frame_24.zeroDeg.bin, 11.998466, 4.394780, 11.777250, 5.059398
frame_24.zeroDeg.bin, 11.656757, 5.371892, -10.999530, -2.640395
frame_25.zeroDeg.bin, -12.677601, -5.811141, -11.739673, -5.504292
frame_25.zeroDeg.bin, -10.053093, -4.903016, 10.046189, 2.203478
frame_25.zeroDeg.bin, 23.401985, 5.562558, 22.502766, 8.134779
frame_25.zeroDeg.bin, 12.005039, 4.397188, 11.778170, 5.059793
frame_25.zeroDeg.bin, 11.666140, 5.408796, -10.973276, -2.634093
frame_26.zeroDeg.bin, -12.675782, -5.810308, 10.056933, 2.205834
frame_26.zeroDeg.bin, 23.407822, 5.563945, 22.514992, 8.139198
frame_26.zeroDeg.bin, 11.992832, 4.392717, 11.778170, 5.059793
frame_26.zeroDeg.bin, 11.664931, 5.375659, -10.968413, -2.632926
frame_27.zeroDeg.bin, -12.681236, -5.812808, -11.746010, -5.507264
frame_27.zeroDeg.bin, -10.021634, -4.887673, 10.066701, 2.207977
frame_27.zeroDeg.bin, 23.413658, 5.565332, 22.508410, 8.136819
frame_27.zeroDeg.bin, 11.994710, 4.393404, 11.777250, 5.059398
frame_27.zeroDeg.bin, 11.654033, 5.370637, -10.980083, -2.635727
frame_28.zeroDeg.bin, -12.674873, -5.809891, -11.737862, -5.503443
frame_28.zeroDeg.bin, -10.202019, -4.946620, 10.069632, 2.208620
frame_28.zeroDeg.bin, 23.416578, 5.566026, 22.492422, 8.131040
frame_28.zeroDeg.bin, 11.996588, 4.394093, 11.780925, 5.060977
frame_28.zeroDeg.bin, 11.662206, 5.374403, -10.985917, -2.637127
frame_29.zeroDeg.bin, -12.677601, -5.811141, -11.745106, -5.506840
frame_29.zeroDeg.bin, -10.230813, -4.960581, 10.045213, 2.203264
frame_29.zeroDeg.bin, 23.400038, 5.562095, 22.496183, 8.132400
frame_29.zeroDeg.bin, 11.982503, 4.388933, 11.777250, 5.059398
frame_29.zeroDeg.bin, 11.666747, 5.376496, -10.957718, -2.630358
frame_30.zeroDeg.bin, -12.673055, -5.809058, -11.738768, -5.503868
frame_30.zeroDeg.bin, -9.985682, -4.870139, 10.056933, 2.205834
frame_30.zeroDeg.bin, 23.417549, 5.566257, 22.487720, 8.129340
frame_30.zeroDeg.bin, 12.001283, 4.395812, 11.777250, 5.059398
frame_30.zeroDeg.bin, 11.663115, 5.374822, -10.960635, -2.631058
frame_31.zeroDeg.bin, -12.681236, -5.812808, -11.746916, -5.507689
frame_31.zeroDeg.bin, -10.190321, -4.940948, 10.024699, 2.198764
frame_31.zeroDeg.bin, 23.403929, 5.563020, 22.499004, 8.133419
frame_31.zeroDeg.bin, 12.006917, 4.397876, 11.780925, 5.060977
frame_31.zeroDeg.bin, 11.665839, 5.376078, -11.218441, -2.717983
frame_32.zeroDeg.bin, -12.674873, -5.809891, -11.739673, -5.504292
frame_32.zeroDeg.bin, -10.222714, -4.956655, 10.055957, 2.205620
frame_32.zeroDeg.bin, 23.403929, 5.563020, 22.504648, 8.135459
frame_32.zeroDeg.bin, 11.994710, 4.393404, 11.777250, 5.059398
frame_32.zeroDeg.bin, 11.664023, 5.375241, -10.976193, -2.634793
frame_33.zeroDeg.bin, -12.677601, -5.811141, -1.016937, -1.797238
frame_33.zeroDeg.bin, -0.952323, -1.772350, 10.039351, 2.201978
frame_33.zeroDeg.bin, 23.402958, 5.562789, 22.502766, 8.134779
frame_33.zeroDeg.bin, 11.655849, 5.371474, -2.602648, 0.273697
frame_33.zeroDeg.bin, -3.506156, 0.076930, -10.978138, -2.635260
frame_34.zeroDeg.bin, -12.673055, -5.809058, -11.729713, -5.499623
frame_34.zeroDeg.bin, -10.232613, -4.961454, -1.016620, -1.787070
frame_34.zeroDeg.bin, -0.946697, -1.770827, 10.068655, 2.208405
frame_34.zeroDeg.bin, 23.402958, 5.562789, 22.501827, 8.134439
frame_34.zeroDeg.bin, 11.663115, 5.374822, -2.602648, 0.273697
frame_34.zeroDeg.bin, -3.507985, 0.084373, -10.993695, -2.638994
frame_35.zeroDeg.bin, -12.680327, -5.812391, -11.734241, -5.501745
frame_35.zeroDeg.bin, -9.786834, -4.798738, 10.057910, 2.206049
frame_35.zeroDeg.bin, 23.401985, 5.562558, 22.490541, 8.130360
frame_35.zeroDeg.bin, 11.998466, 4.394780, 11.779087, 5.060187
frame_35.zeroDeg.bin, 11.663115, 5.374822, -10.936325, -2.625223
frame_36.zeroDeg.bin, -12.678509, -5.811558, -11.741484, -5.505142
frame_36.zeroDeg.bin, -9.988379, -4.871454, 10.033491, 2.200693
frame_36.zeroDeg.bin, 23.413658, 5.565332, 22.492422, 8.131040
frame_36.zeroDeg.bin, 11.992832, 4.392717, 11.776332, 5.059003
frame_36.zeroDeg.bin, 11.663115, 5.374822, -10.964524, -2.631992
frame_37.zeroDeg.bin, -12.675782, -5.810308, -11.734241, -5.501745
frame_37.zeroDeg.bin, -9.815566, -4.812826, -1.014967, -1.793757
frame_37.zeroDeg.bin, -0.945283, -1.768182, 10.073539, 2.209476
frame_37.zeroDeg.bin, 23.417549, 5.566257, 22.508410, 8.136819
frame_37.zeroDeg.bin, 11.663115, 5.374822, -2.626517, 0.276207
frame_37.zeroDeg.bin, -3.507985, 0.084373, -10.955773, -2.629891
frame_38.zeroDeg.bin, -12.677601, -5.811141, -11.739673, -5.504292
frame_38.zeroDeg.bin, -10.200220, -4.945748, -1.015952, -1.795497
frame_38.zeroDeg.bin, -0.953270, -1.774112, 10.052050, 2.204763
frame_38.zeroDeg.bin, 23.412685, 5.565101, 22.498066, 8.133080
frame_38.zeroDeg.bin, 11.660390, 5.373567, -2.635468, 0.277148
frame_38.zeroDeg.bin, -3.506986, 0.084349, -10.994668, -2.639228
frame_39.zeroDeg.bin, -12.675782, -5.810308, -11.737862, -5.503443
frame_39.zeroDeg.bin, -10.187622, -4.939640, 10.059864, 2.206477
frame_39.zeroDeg.bin, 23.405876, 5.563483, 22.499945, 8.133759
frame_39.zeroDeg.bin, 11.995648, 4.393748, 11.778170, 5.059793
frame_39.zeroDeg.bin, 11.664931, 5.375659, -10.956745, -2.630125
frame_40.zeroDeg.bin, -12.678509, -5.811558, -11.744200, -5.506415
frame_40.zeroDeg.bin, -10.228113, -4.959272, 10.034468, 2.200907
frame_40.zeroDeg.bin, 23.408794, 5.564177, 22.508410, 8.136819
frame_40.zeroDeg.bin, 11.994710, 4.393404, 11.779087, 5.060187
frame_40.zeroDeg.bin, 11.665839, 5.376078, -10.974249, -2.634326
frame_41.zeroDeg.bin, -12.676691, -5.810724, -11.746916, -5.507689
frame_41.zeroDeg.bin, -9.826341, -4.818109, 10.081353, 2.211191
frame_41.zeroDeg.bin, 23.406849, 5.563714, 22.507469, 8.136479
frame_41.zeroDeg.bin, 11.997527, 4.394436, 11.779087, 5.060187
frame_41.zeroDeg.bin, 11.657666, 5.372311, -10.961607, -2.631292
frame_42.zeroDeg.bin, -12.678509, -5.811558, -11.739673, -5.504292
frame_42.zeroDeg.bin, -9.857766, -4.833518, 10.049119, 2.204121
frame_42.zeroDeg.bin, 23.405876, 5.563483, 22.499004, 8.133419
frame_42.zeroDeg.bin, 11.998466, 4.394780, 11.777250, 5.059398
frame_42.zeroDeg.bin, 11.664023, 5.375241, -10.968413, -2.632926
frame_43.zeroDeg.bin, -12.674873, -5.809891, -11.739673, -5.504292
frame_43.zeroDeg.bin, -10.232613, -4.961454, 10.073539, 2.209476
frame_43.zeroDeg.bin, 23.419497, 5.566720, 22.476435, 8.125260
frame_43.zeroDeg.bin, 11.993771, 4.393061, 11.777250, 5.059398
frame_43.zeroDeg.bin, 11.662206, 5.374403, -10.977165, -2.635026
frame_44.zeroDeg.bin, -12.675782, -5.810308, -11.736051, -5.502594
frame_44.zeroDeg.bin, -10.248809, -4.969307, 10.079400, 2.210762
frame_44.zeroDeg.bin, 23.401985, 5.562558, 22.491482, 8.130700
frame_44.zeroDeg.bin, 11.993771, 4.393061, 11.774493, 5.058214
frame_44.zeroDeg.bin, 11.666747, 5.376496, -10.949939, -2.628491
frame_45.zeroDeg.bin, -12.673965, -5.809474, -11.738768, -5.503868
frame_45.zeroDeg.bin, -10.241611, -4.965817, 10.041305, 2.202407
frame_45.zeroDeg.bin, 23.404902, 5.563251, 22.516874, 8.139879
frame_45.zeroDeg.bin, 11.993771, 4.393061, 11.777250, 5.059398
frame_45.zeroDeg.bin, 11.665839, 5.376078, -10.949939, -2.628491
frame_46.zeroDeg.bin, -12.672146, -5.808641, -11.747822, -5.508113
frame_46.zeroDeg.bin, -10.040508, -4.896878, 10.047166, 2.203692
frame_46.zeroDeg.bin, 23.420469, 5.566951, 22.499004, 8.133419
frame_46.zeroDeg.bin, 11.998466, 4.394780, 11.778170, 5.059793
frame_46.zeroDeg.bin, 11.666747, 5.376496, -10.954801, -2.629658
frame_47.zeroDeg.bin, -12.680327, -5.812391, -11.740578, -5.504717
frame_47.zeroDeg.bin, -10.226314, -4.958400, 10.048142, 2.203906
frame_47.zeroDeg.bin, 23.393229, 5.560476, 22.492422, 8.131040
frame_47.zeroDeg.bin, 11.996588, 4.394093, 11.779087, 5.060187
frame_47.zeroDeg.bin, 11.660696, 5.406272, -10.953829, -2.629425
frame_48.zeroDeg.bin, -12.676691, -5.810724, -11.742389, -5.505566
frame_48.zeroDeg.bin, -10.015342, -4.884604, 10.075492, 2.209905
frame_48.zeroDeg.bin, 23.409767, 5.564407, 22.511230, 8.137839
frame_48.zeroDeg.bin, 12.005979, 4.397532, 11.774493, 5.058214
frame_48.zeroDeg.bin, 11.664023, 5.375241, -10.940215, -2.626157
frame_49.zeroDeg.bin, -12.674873, -5.809891, -11.746010, -5.507264
frame_49.zeroDeg.bin, -10.195721, -4.943566, 10.066701, 2.207977
frame_49.zeroDeg.bin, 23.399065, 5.561864, 22.480196, 8.126619
frame_49.zeroDeg.bin, 11.989076, 4.391341, 11.780006, 5.060582
frame_49.zeroDeg.bin, 11.663115, 5.374822, -11.018977, -2.645063
frame_50.zeroDeg.bin, -12.677601, -5.811141, -11.718848, -5.494529
frame_50.zeroDeg.bin, -10.200220, -4.945748, 10.050096, 2.204335
frame_50.zeroDeg.bin, 23.407822, 5.563945, 22.510292, 8.137499
frame_50.zeroDeg.bin, 12.002221, 4.396156, 11.776332, 5.059003
frame_50.zeroDeg.bin, 11.657067, 5.404590, -10.977165, -2.635026
frame_51.zeroDeg.bin, -12.673965, -5.809474, -11.728808, -5.499198
frame_51.zeroDeg.bin, -10.220915, -4.955782, 10.067678, 2.208191
frame_51.zeroDeg.bin, 23.405876, 5.563483, 22.488661, 8.129680
frame_51.zeroDeg.bin, 11.993771, 4.393061, 11.779087, 5.060187
frame_51.zeroDeg.bin, 11.668564, 5.377333, -10.970358, -2.633393
frame_52.zeroDeg.bin, -12.679419, -5.811975, -11.744200, -5.506415
frame_52.zeroDeg.bin, -10.209217, -4.950110, 10.058887, 2.206263
frame_52.zeroDeg.bin, 23.401011, 5.562326, 22.494303, 8.131720
frame_52.zeroDeg.bin, 11.995648, 4.393748, 11.778170, 5.059793
frame_52.zeroDeg.bin, 11.658573, 5.372729, -10.973276, -2.634093
frame_53.zeroDeg.bin, -12.673965, -5.809474, -11.744200, -5.506415
frame_53.zeroDeg.bin, -9.833523, -4.821630, 10.041305, 2.202407
frame_53.zeroDeg.bin, 23.417549, 5.566257, 22.499004, 8.133419
frame_53.zeroDeg.bin, 11.998466, 4.394780, 11.778170, 5.059793
frame_53.zeroDeg.bin, 11.651308, 5.369381, -10.947994, -2.628024
frame_54.zeroDeg.bin, -12.675782, -5.810308, -11.732430, -5.500896
frame_54.zeroDeg.bin, -10.453825, -5.041506, 9.891525, 2.147697
frame_54.zeroDeg.bin, 23.418522, 5.566489, 22.503708, 8.135119
frame_54.zeroDeg.bin, 12.003160, 4.396500, 11.779087, 5.060187
frame_54.zeroDeg.bin, 11.660390, 5.373567, -10.968413, -2.632926
frame_55.zeroDeg.bin, -12.675782, -5.810308, -11.740578, -5.504717
frame_55.zeroDeg.bin, -10.448421, -5.038900, 10.080376, 2.210976
frame_55.zeroDeg.bin, 23.414631, 5.565564, 22.496183, 8.132400
frame_55.zeroDeg.bin, 11.998466, 4.394780, 11.777250, 5.059398
frame_55.zeroDeg.bin, 11.662206, 5.374403, -10.974249, -2.634326
frame_56.zeroDeg.bin, -12.679419, -5.811975, -11.736051, -5.502594
frame_56.zeroDeg.bin, -10.219115, -4.954910, 10.053026, 2.204978
frame_56.zeroDeg.bin, 23.416578, 5.566026, 22.492422, 8.131040
frame_56.zeroDeg.bin, 11.995648, 4.393748, 11.778170, 5.059793
frame_56.zeroDeg.bin, 11.660390, 5.373567, -10.971331, -2.633626
frame_57.zeroDeg.bin, -12.672146, -5.808641, -11.748727, -5.508538
frame_57.zeroDeg.bin, -9.826341, -4.818109, 9.919866, 2.153850
frame_57.zeroDeg.bin, 23.402958, 5.562789, 22.500887, 8.134099
frame_57.zeroDeg.bin, 11.996588, 4.394093, 11.777250, 5.059398
frame_57.zeroDeg.bin, 11.656757, 5.371892, -10.976193, -2.634793
frame_58.zeroDeg.bin, -12.677601, -5.811141, -11.722469, -5.496226
frame_58.zeroDeg.bin, -10.021634, -4.887673, 10.053026, 2.204978
frame_58.zeroDeg.bin, 23.411713, 5.564870, 22.496183, 8.132400
frame_58.zeroDeg.bin, 11.997527, 4.394436, 11.780006, 5.060582
frame_58.zeroDeg.bin, 11.664023, 5.375241, -10.953829, -2.629425
frame_59.zeroDeg.bin, -12.681236, -5.812808, -11.736051, -5.502594
frame_59.zeroDeg.bin, -9.808383, -4.809304, 10.044235, 2.203049
frame_59.zeroDeg.bin, 23.407822, 5.563945, 22.509350, 8.137158
frame_59.zeroDeg.bin, 11.990954, 4.392029, 11.779087, 5.060187
frame_59.zeroDeg.bin, 11.658573, 5.372729, -10.959662, -2.630825
frame_60.zeroDeg.bin, -12.678509, -5.811558, -11.742389, -5.505566
frame_60.zeroDeg.bin, -10.212817, -4.951856, 10.085260, 2.212048
frame_60.zeroDeg.bin, 23.415606, 5.565795, 22.507469, 8.136479
frame_60.zeroDeg.bin, 11.999405, 4.395124, 11.778170, 5.059793
frame_60.zeroDeg.bin, 11.663115, 5.374822, -10.967442, -2.632693
frame_61.zeroDeg.bin, -12.675782, -5.810308, -11.740578, -5.504717
frame_61.zeroDeg.bin, -10.173224, -4.932659, 10.086237, 2.212262
frame_61.zeroDeg.bin, 23.391281, 5.560013, 22.503708, 8.135119
frame_61.zeroDeg.bin, 11.994710, 4.393404, 11.778170, 5.059793
frame_61.zeroDeg.bin, 11.654033, 5.370637, -10.961607, -2.631292
frame_62.zeroDeg.bin, -12.678509, -5.811558, -11.742389, -5.505566
frame_62.zeroDeg.bin, -10.222714, -4.956655, 10.052050, 2.204763
frame_62.zeroDeg.bin, 23.396147, 5.561170, 22.487720, 8.129340
frame_62.zeroDeg.bin, 11.987198, 4.390653, 11.778170, 5.059793
frame_62.zeroDeg.bin, 11.659482, 5.373148, -10.957718, -2.630358
frame_63.zeroDeg.bin, -12.675782, -5.810308, -11.742389, -5.505566
frame_63.zeroDeg.bin, -10.203818, -4.947493, 10.046189, 2.203478
frame_63.zeroDeg.bin, 23.410740, 5.564639, 22.499945, 8.133759
frame_63.zeroDeg.bin, 12.000343, 4.395468, 11.780006, 5.060582
frame_63.zeroDeg.bin, 11.657666, 5.372311, -10.953829, -2.629425
frame_64.zeroDeg.bin, -12.676691, -5.810724, -11.734241, -5.501745
frame_64.zeroDeg.bin, -9.826341, -4.818109, 10.054004, 2.205192
frame_64.zeroDeg.bin, 23.406849, 5.563714, 22.504648, 8.135459
frame_64.zeroDeg.bin, 11.994710, 4.393404, 11.780006, 5.060582
frame_64.zeroDeg.bin, 11.659789, 5.405851, -10.996613, -2.639695
frame_65.zeroDeg.bin, -12.675782, -5.810308, -11.736051, -5.502594
frame_65.zeroDeg.bin, -10.224514, -4.957527, 10.033491, 2.200693
frame_65.zeroDeg.bin, 23.421442, 5.567183, 22.493362, 8.131379
frame_65.zeroDeg.bin, 11.997527, 4.394436, 11.775413, 5.058609
frame_65.zeroDeg.bin, 11.663115, 5.374822, -11.008282, -2.642496
frame_66.zeroDeg.bin, -12.674873, -5.809891, -11.740578, -5.504717
frame_66.zeroDeg.bin, -10.219115, -4.954910, 10.086237, 2.212262
frame_66.zeroDeg.bin, 23.401011, 5.562326, 22.509350, 8.137158
frame_66.zeroDeg.bin, 12.001283, 4.395812, 11.777250, 5.059398
frame_66.zeroDeg.bin, 11.663115, 5.374822, -10.967442, -2.632693
frame_67.zeroDeg.bin, -12.680327, -5.812391, -11.742389, -5.505566
frame_67.zeroDeg.bin, -10.221814, -4.956218, 10.060841, 2.206692
frame_67.zeroDeg.bin, 23.410740, 5.564639, 22.492422, 8.131040
frame_67.zeroDeg.bin, 11.993771, 4.393061, 11.779087, 5.060187
frame_67.zeroDeg.bin, 11.662206, 5.374403, -11.005364, -2.641796
frame_68.zeroDeg.bin, -12.676691, -5.810724, -11.737862, -5.503443
frame_68.zeroDeg.bin, -10.218215, -4.954473, 10.054979, 2.205406
frame_68.zeroDeg.bin, 23.413658, 5.565332, 22.503708, 8.135119
frame_68.zeroDeg.bin, 11.998466, 4.394780, 11.780006, 5.060582
frame_68.zeroDeg.bin, 11.654033, 5.370637, -10.983000, -2.636427
frame_69.zeroDeg.bin, -12.675782, -5.810308, -11.735146, -5.502170
frame_69.zeroDeg.bin, -10.251508, -4.970616, 10.047166, 2.203692
frame_69.zeroDeg.bin, 23.409767, 5.564407, 22.491482, 8.130700
frame_69.zeroDeg.bin, 11.987198, 4.390653, 11.780006, 5.060582
frame_69.zeroDeg.bin, 11.664023, 5.375241, -10.976193, -2.634793
frame_70.zeroDeg.bin, -12.673055, -5.809058, -11.746916, -5.507689
frame_70.zeroDeg.bin, -10.235312, -4.962763, 10.047166, 2.203692
frame_70.zeroDeg.bin, 23.397120, 5.561401, 22.492422, 8.131040
frame_70.zeroDeg.bin, 11.990954, 4.392029, 11.777250, 5.059398
frame_70.zeroDeg.bin, 11.660696, 5.406272, -10.987862, -2.637594
frame_71.zeroDeg.bin, -12.677601, -5.811141, 10.073539, 2.209476
frame_71.zeroDeg.bin, 23.410740, 5.564639, 22.495243, 8.132059
frame_71.zeroDeg.bin, 11.988137, 4.390997, 11.777250, 5.059398
frame_71.zeroDeg.bin, 11.661299, 5.373985, -10.967442, -2.632693
frame_72.zeroDeg.bin, -12.677601, -5.811141, -11.736051, -5.502594
frame_72.zeroDeg.bin, -10.214617, -4.952728, 10.050096, 2.204335
frame_72.zeroDeg.bin, 23.410740, 5.564639, 22.509350, 8.137158
frame_72.zeroDeg.bin, 11.998466, 4.394780, 11.777250, 5.059398
frame_72.zeroDeg.bin, 11.660390, 5.373567, -10.965497, -2.632226
frame_73.zeroDeg.bin, -12.678509, -5.811558, -11.741484, -5.505142
frame_73.zeroDeg.bin, -10.180424, -4.936149, 10.077446, 2.210334
frame_73.zeroDeg.bin, 23.400038, 5.562095, 22.486778, 8.129000
frame_73.zeroDeg.bin, 11.999405, 4.395124, 11.778170, 5.059793
frame_73.zeroDeg.bin, 11.662206, 5.374403, -10.990779, -2.638294
frame_74.zeroDeg.bin, -12.683054, -5.813641, -11.748727, -5.508538
frame_74.zeroDeg.bin, -10.210117, -4.950547, 10.054004, 2.205192
frame_74.zeroDeg.bin, 23.405876, 5.563483, 22.495243, 8.132059
frame_74.zeroDeg.bin, 11.996588, 4.394093, 11.778170, 5.059793
frame_74.zeroDeg.bin, 11.664023, 5.375241, -10.971331, -2.633626
frame_75.zeroDeg.bin, -12.676691, -5.810724, -11.748727, -5.508538
frame_75.zeroDeg.bin, -10.199320, -4.945312, 10.058887, 2.206263
frame_75.zeroDeg.bin, 23.402958, 5.562789, 22.493362, 8.131379
frame_75.zeroDeg.bin, 11.997527, 4.394436, 11.773575, 5.057819
frame_75.zeroDeg.bin, 11.663115, 5.374822, -10.962580, -2.631525
frame_76.zeroDeg.bin, -12.675782, -5.810308, -11.740578, -5.504717
frame_76.zeroDeg.bin, -10.234411, -4.962327, 10.052050, 2.204763
frame_76.zeroDeg.bin, 23.421442, 5.567183, 22.502766, 8.134779
frame_76.zeroDeg.bin, 11.990015, 4.391685, 11.780925, 5.060977
frame_76.zeroDeg.bin, 11.658573, 5.372729, -10.978138, -2.635260
frame_77.zeroDeg.bin, -12.675782, -5.810308, -11.744200, -5.506415
frame_77.zeroDeg.bin, -9.831727, -4.820750, 10.083306, 2.211619
frame_77.zeroDeg.bin, 23.410740, 5.564639, 22.497126, 8.132740
frame_77.zeroDeg.bin, 11.990015, 4.391685, 11.780925, 5.060977
frame_77.zeroDeg.bin, 11.659482, 5.373148, -10.964524, -2.631992
frame_78.zeroDeg.bin, -12.678509, -5.811558, -11.746916, -5.507689
frame_78.zeroDeg.bin, -9.838911, -4.824273, 10.069632, 2.208620
frame_78.zeroDeg.bin, 23.419497, 5.566720, 22.500887, 8.134099
frame_78.zeroDeg.bin, 12.001283, 4.395812, 11.781844, 5.061371
frame_78.zeroDeg.bin, 11.664931, 5.375659, -10.973276, -2.634093
frame_79.zeroDeg.bin, -12.675782, -5.810308, -11.742389, -5.505566
frame_79.zeroDeg.bin, -10.203818, -4.947493, 10.049119, 2.204121
frame_79.zeroDeg.bin, 23.406849, 5.563714, 22.502766, 8.134779
frame_79.zeroDeg.bin, 11.991893, 4.392373, 11.780925, 5.060977
frame_79.zeroDeg.bin, 11.661299, 5.373985, -10.974249, -2.634326
frame_80.zeroDeg.bin, -12.673965, -5.809474, -11.724281, -5.497076
frame_80.zeroDeg.bin, -10.229914, -4.960145, 10.065725, 2.207763
frame_80.zeroDeg.bin, 23.408794, 5.564177, 22.498066, 8.133080
frame_80.zeroDeg.bin, 11.998466, 4.394780, 11.780006, 5.060582
frame_80.zeroDeg.bin, 11.659482, 5.373148, -10.990779, -2.638294
frame_81.zeroDeg.bin, -12.679419, -5.811975, 10.061817, 2.206906
frame_81.zeroDeg.bin, 23.404902, 5.563251, 22.495243, 8.132059
frame_81.zeroDeg.bin, 11.996588, 4.394093, 11.776332, 5.059003
frame_81.zeroDeg.bin, 11.664931, 5.375659, -10.981055, -2.635960
frame_82.zeroDeg.bin, -12.673055, -5.809058, -11.744200, -5.506415
frame_82.zeroDeg.bin, -10.247009, -4.968434, 10.062795, 2.207120
frame_82.zeroDeg.bin, 23.403929, 5.563020, 22.513111, 8.138518
frame_82.zeroDeg.bin, 12.005039, 4.397188, 11.778170, 5.059793
frame_82.zeroDeg.bin, 11.659789, 5.405851, -10.969386, -2.633159
frame_83.zeroDeg.bin, -12.677601, -5.811141, -11.742389, -5.505566
frame_83.zeroDeg.bin, -10.261407, -4.975415, 10.036421, 2.201335
frame_83.zeroDeg.bin, 23.413658, 5.565332, 22.502766, 8.134779
frame_83.zeroDeg.bin, 11.992832, 4.392717, 11.781844, 5.061371
frame_83.zeroDeg.bin, 11.658573, 5.372729, -10.956745, -2.630125
frame_84.zeroDeg.bin, -12.675782, -5.810308, -11.743295, -5.505991
frame_84.zeroDeg.bin, -10.243410, -4.966689, 10.087214, 2.212476
frame_84.zeroDeg.bin, 23.417549, 5.566257, 22.498066, 8.133080
frame_84.zeroDeg.bin, 12.002221, 4.396156, 11.780925, 5.060977
frame_84.zeroDeg.bin, 11.662206, 5.374403, -10.969386, -2.633159
frame_85.zeroDeg.bin, -12.676691, -5.810724, -11.743295, -5.505991
frame_85.zeroDeg.bin, -10.256907, -4.973234, 10.037398, 2.201550
frame_85.zeroDeg.bin, 23.405876, 5.563483, 22.505589, 8.135799
frame_85.zeroDeg.bin, 11.999405, 4.395124, 11.778170, 5.059793
frame_85.zeroDeg.bin, 11.661299, 5.373985, -10.959662, -2.630825
frame_86.zeroDeg.bin, -12.676691, -5.810724, -11.724281, -5.497076
frame_86.zeroDeg.bin, -10.018039, -4.885920, 10.050096, 2.204335
frame_86.zeroDeg.bin, 23.397120, 5.561401, 22.500887, 8.134099
frame_86.zeroDeg.bin, 12.005979, 4.397532, 11.779087, 5.060187
frame_86.zeroDeg.bin, 11.659789, 5.405851, -10.952856, -2.629191
frame_87.zeroDeg.bin, -12.674873, -5.809891, -11.744200, -5.506415
frame_87.zeroDeg.bin, -10.225414, -4.957964, 10.084284, 2.211833
frame_87.zeroDeg.bin, 23.403929, 5.563020, 22.514053, 8.138859
frame_87.zeroDeg.bin, 11.990954, 4.392029, 11.777250, 5.059398
frame_87.zeroDeg.bin, 11.663115, 5.374822, -10.983972, -2.636660
frame_88.zeroDeg.bin, -12.675782, -5.810308, -11.710699, -5.490708
frame_88.zeroDeg.bin, -9.981188, -4.867947, 10.055957, 2.205620
frame_88.zeroDeg.bin, 23.411713, 5.564870, 22.508410, 8.136819
frame_88.zeroDeg.bin, 11.995648, 4.393748, 11.777250, 5.059398
frame_88.zeroDeg.bin, 11.666747, 5.376496, -10.977165, -2.635026
frame_89.zeroDeg.bin, -12.675782, -5.810308, -11.741484, -5.505142
frame_89.zeroDeg.bin, -10.231713, -4.961018, 10.069632, 2.208620
frame_89.zeroDeg.bin, 23.405876, 5.563483, 22.513111, 8.138518
frame_89.zeroDeg.bin, 12.003160, 4.396500, 11.777250, 5.059398
frame_89.zeroDeg.bin, 11.658882, 5.405431, -10.993695, -2.638994
frame_90.zeroDeg.bin, -12.674873, -5.809891, 10.038375, 2.201764
frame_90.zeroDeg.bin, 23.413658, 5.565332, 22.510292, 8.137499
frame_90.zeroDeg.bin, 12.006917, 4.397876, 11.777250, 5.059398
frame_90.zeroDeg.bin, 11.660696, 5.406272, -10.959662, -2.630825
frame_91.zeroDeg.bin, -12.677601, -5.811141, -11.746010, -5.507264
frame_91.zeroDeg.bin, -10.208318, -4.949674, 10.054004, 2.205192
frame_91.zeroDeg.bin, 23.402958, 5.562789, 22.502766, 8.134779
frame_91.zeroDeg.bin, 12.000343, 4.395468, 11.780006, 5.060582
frame_91.zeroDeg.bin, 11.660390, 5.373567, -10.974249, -2.634326
frame_92.zeroDeg.bin, -12.676691, -5.810724, 10.058887, 2.206263
frame_92.zeroDeg.bin, 23.411713, 5.564870, 22.500887, 8.134099
frame_92.zeroDeg.bin, 11.999405, 4.395124, 11.780006, 5.060582
frame_92.zeroDeg.bin, 11.664931, 5.375659, -10.989806, -2.638061
frame_93.zeroDeg.bin, -12.678509, -5.811558, -11.739673, -5.504292
frame_93.zeroDeg.bin, -10.196620, -4.944002, 10.053026, 2.204978
frame_93.zeroDeg.bin, 23.402958, 5.562789, 22.480196, 8.126619
frame_93.zeroDeg.bin, 11.995648, 4.393748, 11.777250, 5.059398
frame_93.zeroDeg.bin, 11.664931, 5.375659, -10.963552, -2.631759
frame_94.zeroDeg.bin, -12.680327, -5.812391, -11.734241, -5.501745
frame_94.zeroDeg.bin, -10.184923, -4.938331, 10.062795, 2.207120
frame_94.zeroDeg.bin, 23.409767, 5.564407, 22.508410, 8.136819
frame_94.zeroDeg.bin, 12.004100, 4.396844, 11.779087, 5.060187
frame_94.zeroDeg.bin, 11.664023, 5.375241, -10.970358, -2.633393
frame_95.zeroDeg.bin, -16.882753, -7.296457, -15.908507, -6.998841
frame_95.zeroDeg.bin, -12.648060, -5.829916, -11.743295, -5.505991
frame_95.zeroDeg.bin, -9.818259, -4.814147, 10.040329, 2.202193
frame_95.zeroDeg.bin, 23.407822, 5.563945, 22.509350, 8.137158
frame_95.zeroDeg.bin, 11.984381, 4.389621, 11.780006, 5.060582
frame_95.zeroDeg.bin, 11.664023, 5.375241, -10.983972, -2.636660
frame_96.zeroDeg.bin, -12.676691, -5.810724, -11.720658, -5.495378
frame_96.zeroDeg.bin, -10.012647, -4.883290, 10.042282, 2.202621
frame_96.zeroDeg.bin, 23.413658, 5.565332, 22.497126, 8.132740
frame_96.zeroDeg.bin, 11.992832, 4.392717, 11.779087, 5.060187
frame_96.zeroDeg.bin, 11.662206, 5.374403, -10.977165, -2.635026
frame_97.zeroDeg.bin, -12.675782, -5.810308, -11.737862, -5.503443
frame_97.zeroDeg.bin, -10.226314, -4.958400, 10.085260, 2.212048
frame_97.zeroDeg.bin, 23.404902, 5.563251, 22.496183, 8.132400
frame_97.zeroDeg.bin, 11.997527, 4.394436, 11.776332, 5.059003
frame_97.zeroDeg.bin, 11.668564, 5.377333, -10.966469, -2.632459
frame_98.zeroDeg.bin, -12.680327, -5.812391, -11.743295, -5.505991
frame_98.zeroDeg.bin, -9.829034, -4.819429, 10.069632, 2.208620
frame_98.zeroDeg.bin, 23.421442, 5.567183, 22.498066, 8.133080
frame_98.zeroDeg.bin, 11.990015, 4.391685, 11.779087, 5.060187
frame_98.zeroDeg.bin, 11.664023, 5.375241, -10.959662, -2.630825
frame_99.zeroDeg.bin, -12.677601, -5.811141, 10.073539, 2.209476
frame_99.zeroDeg.bin, 23.411713, 5.564870, 22.500887, 8.134099
frame_99.zeroDeg.bin, 12.001283, 4.395812, 11.777250, 5.059398
frame_99.zeroDeg.bin, 11.663115, 5.374822, -10.976193, -2.634793
frame_100.zeroDeg.bin, -12.681236, -5.812808, -11.740578, -5.504717
frame_100.zeroDeg.bin, -10.220015, -4.955346, 9.932570, 2.156609
frame_100.zeroDeg.bin, 23.408794, 5.564177, 22.495243, 8.132059
frame_100.zeroDeg.bin, 11.990954, 4.392029, 11.779087, 5.060187
frame_100.zeroDeg.bin, 11.662206, 5.374403, -10.956745, -2.630125
frame_101.zeroDeg.bin, -12.669419, -5.807391, -11.742389, -5.505566
frame_101.zeroDeg.bin, -10.241611, -4.965817, -1.013490, -1.791146
frame_101.zeroDeg.bin, -0.953743, -1.774993, 10.053026, 2.204978
frame_101.zeroDeg.bin, 23.424360, 5.567876, 22.511230, 8.137839
frame_101.zeroDeg.bin, 11.658573, 5.372729, -2.603643, 0.273801
frame_101.zeroDeg.bin, -3.506986, 0.084349, -10.965497, -2.632226
frame_102.zeroDeg.bin, -16.879082, -7.294870, -15.905763, -6.997634
frame_102.zeroDeg.bin, -12.673055, -5.809058, -11.742389, -5.505566
frame_102.zeroDeg.bin, -10.017140, -4.885482, 10.068655, 2.208405
frame_102.zeroDeg.bin, 23.408794, 5.564177, 22.504648, 8.135459
frame_102.zeroDeg.bin, 12.002221, 4.396156, 11.779087, 5.060187
frame_102.zeroDeg.bin, 11.654941, 5.371056, -10.984944, -2.636894
frame_103.zeroDeg.bin, -12.677601, -5.811141, -11.737862, -5.503443
frame_103.zeroDeg.bin, -10.410589, -5.020656, 10.057910, 2.206049
frame_103.zeroDeg.bin, 23.401011, 5.562326, 22.499004, 8.133419
frame_103.zeroDeg.bin, 11.991893, 4.392373, 11.780925, 5.060977
frame_103.zeroDeg.bin, 11.661299, 5.373985, -11.753896, -2.902652
frame_104.zeroDeg.bin, -12.676691, -5.810724, -11.736051, -5.502594
frame_104.zeroDeg.bin, -10.237111, -4.963635, 10.056933, 2.205834
frame_104.zeroDeg.bin, 23.410740, 5.564639, 22.513111, 8.138518
frame_104.zeroDeg.bin, 11.991893, 4.392373, 11.778170, 5.059793
frame_104.zeroDeg.bin, 11.658573, 5.372729, -10.960635, -2.631058
frame_105.zeroDeg.bin, -12.648060, -5.829916, -11.741484, -5.505142
frame_105.zeroDeg.bin, -9.992872, -4.873646, 10.063771, 2.207334
frame_105.zeroDeg.bin, 23.409767, 5.564407, 22.500887, 8.134099
frame_105.zeroDeg.bin, 11.994710, 4.393404, 11.775413, 5.058609
frame_105.zeroDeg.bin, 11.663115, 5.374822, -10.973276, -2.634093
frame_106.zeroDeg.bin, -12.676691, -5.810724, -11.733335, -5.501321
frame_106.zeroDeg.bin, -9.807486, -4.808864, 10.053026, 2.204978
frame_106.zeroDeg.bin, 23.399065, 5.561864, 22.497126, 8.132740
frame_106.zeroDeg.bin, 11.997527, 4.394436, 11.779087, 5.060187
frame_106.zeroDeg.bin, 11.663115, 5.374822, -10.948967, -2.628258
frame_107.zeroDeg.bin, -12.676691, -5.810724, -11.739673, -5.504292
frame_107.zeroDeg.bin, -10.225414, -4.957964, -1.008728, -1.791536
frame_107.zeroDeg.bin, -0.955924, -1.769274, 10.068655, 2.208405
frame_107.zeroDeg.bin, 23.415606, 5.565795, 22.493362, 8.131379
frame_107.zeroDeg.bin, 11.657666, 5.372311, -2.602648, 0.273697
frame_107.zeroDeg.bin, -3.506156, 0.076930, -10.969386, -2.633159
frame_108.zeroDeg.bin, -12.678509, -5.811558, -11.738768, -5.503868
frame_108.zeroDeg.bin, -10.204718, -4.947929, 10.062795, 2.207120
frame_108.zeroDeg.bin, 23.413658, 5.565332, 22.513111, 8.138518
frame_108.zeroDeg.bin, 11.991893, 4.392373, 11.778170, 5.059793
frame_108.zeroDeg.bin, 11.664931, 5.375659, -10.986889, -2.637361
frame_109.zeroDeg.bin, -12.677601, -5.811141, -11.733335, -5.501321
frame_109.zeroDeg.bin, -9.794915, -4.802700, 10.073539, 2.209476
frame_109.zeroDeg.bin, 23.413658, 5.565332, 22.502766, 8.134779
frame_109.zeroDeg.bin, 11.996588, 4.394093, 11.780006, 5.060582
frame_109.zeroDeg.bin, 11.664931, 5.375659, -10.951883, -2.628958
frame_110.zeroDeg.bin, -12.677601, -5.811141, -11.744200, -5.506415
frame_110.zeroDeg.bin, -10.253308, -4.971488, 10.050096, 2.204335
frame_110.zeroDeg.bin, 23.401985, 5.562558, 22.506529, 8.136139
frame_110.zeroDeg.bin, 11.992832, 4.392717, 11.779087, 5.060187
frame_110.zeroDeg.bin, 11.661299, 5.373985, -10.979111, -2.635494
frame_111.zeroDeg.bin, -12.676691, -5.810724, -11.738768, -5.503868
frame_111.zeroDeg.bin, -10.253308, -4.971488, 10.029583, 2.199836
frame_111.zeroDeg.bin, 23.417549, 5.566257, 22.492422, 8.131040
frame_111.zeroDeg.bin, 11.990954, 4.392029, 11.779087, 5.060187
frame_111.zeroDeg.bin, 11.660390, 5.373567, -10.970358, -2.633393
frame_112.zeroDeg.bin, -12.673055, -5.809058, -11.730618, -5.500048
frame_112.zeroDeg.bin, -10.033319, -4.893372, 10.062795, 2.207120
frame_112.zeroDeg.bin, 23.408794, 5.564177, 22.487720, 8.129340
frame_112.zeroDeg.bin, 11.996588, 4.394093, 11.780006, 5.060582
frame_112.zeroDeg.bin, 11.663115, 5.374822, -10.963552, -2.631759
frame_113.zeroDeg.bin, -12.675782, -5.810308, -11.737862, -5.503443
frame_113.zeroDeg.bin, -10.257807, -4.973670, 10.060841, 2.206692
frame_113.zeroDeg.bin, 23.414631, 5.565564, 22.494303, 8.131720
frame_113.zeroDeg.bin, 11.989076, 4.391341, 11.779087, 5.060187
frame_113.zeroDeg.bin, 11.663115, 5.374822, -10.987862, -2.637594
frame_114.zeroDeg.bin, -12.673965, -5.809474, -11.723375, -5.496651
frame_114.zeroDeg.bin, -10.181323, -4.936585, 10.056933, 2.205834
frame_114.zeroDeg.bin, 23.416578, 5.566026, 22.502766, 8.134779
frame_114.zeroDeg.bin, 11.995648, 4.393748, 11.779087, 5.060187
frame_114.zeroDeg.bin, 11.657666, 5.372311, -10.996613, -2.639695
frame_115.zeroDeg.bin, -12.674873, -5.809891, 10.058887, 2.206263
frame_115.zeroDeg.bin, 23.405876, 5.563483, 22.505589, 8.135799
frame_115.zeroDeg.bin, 11.994710, 4.393404, 11.778170, 5.059793
frame_115.zeroDeg.bin, 11.654033, 5.370637, -10.964524, -2.631992
frame_116.zeroDeg.bin, -12.678509, -5.811558, -11.742389, -5.505566
frame_116.zeroDeg.bin, -10.200220, -4.945748, 10.054979, 2.205406
frame_116.zeroDeg.bin, 23.411713, 5.564870, 22.507469, 8.136479
frame_116.zeroDeg.bin, 11.999405, 4.395124, 11.776332, 5.059003
frame_116.zeroDeg.bin, 11.664931, 5.375659, -10.943131, -2.626857
frame_117.zeroDeg.bin, -12.673965, -5.809474, -11.737862, -5.503443
frame_117.zeroDeg.bin, -10.253308, -4.971488, 10.061817, 2.206906
frame_117.zeroDeg.bin, 23.409767, 5.564407, 22.501827, 8.134439
frame_117.zeroDeg.bin, 11.992832, 4.392717, 11.775413, 5.058609
frame_117.zeroDeg.bin, 11.663115, 5.374822, -10.967442, -2.632693
frame_118.zeroDeg.bin, -12.680327, -5.812391, -11.741484, -5.505142
frame_118.zeroDeg.bin, -10.269505, -4.979342, 10.091122, 2.213333
frame_118.zeroDeg.bin, 23.406849, 5.563714, 22.495243, 8.132059
frame_118.zeroDeg.bin, 11.996588, 4.394093, 11.777250, 5.059398
frame_118.zeroDeg.bin, 11.664023, 5.375241, -10.981055, -2.635960
frame_119.zeroDeg.bin, -12.676691, -5.810724, -11.736957, -5.503019
frame_119.zeroDeg.bin, -10.231713, -4.961018, 10.055957, 2.205620
frame_119.zeroDeg.bin, 23.420469, 5.566951, 22.507469, 8.136479
frame_119.zeroDeg.bin, 12.002221, 4.396156, 11.777250, 5.059398
frame_119.zeroDeg.bin, 11.660390, 5.373567, -10.963552, -2.631759
frame_120.zeroDeg.bin, -12.675782, -5.810308, -11.744200, -5.506415
frame_120.zeroDeg.bin, -10.084551, -4.918358, 10.075492, 2.209905
frame_120.zeroDeg.bin, 23.406849, 5.563714, 22.509350, 8.137158
frame_120.zeroDeg.bin, 11.991893, 4.392373, 11.776332, 5.059003
frame_120.zeroDeg.bin, 11.657666, 5.372311, -10.948967, -2.628258
frame_121.zeroDeg.bin, -12.673055, -5.809058, -11.737862, -5.503443
frame_121.zeroDeg.bin, -10.199320, -4.945312, 10.060841, 2.206692
frame_121.zeroDeg.bin, 23.402958, 5.562789, 22.499004, 8.133419
frame_121.zeroDeg.bin, 11.995648, 4.393748, 11.777250, 5.059398
frame_121.zeroDeg.bin, 11.660390, 5.373567, -10.966469, -2.632459
frame_122.zeroDeg.bin, -12.677601, -5.811141, -11.738768, -5.503868
frame_122.zeroDeg.bin, -10.177724, -4.934840, 10.064748, 2.207548
frame_122.zeroDeg.bin, 23.405876, 5.563483, 22.502766, 8.134779
frame_122.zeroDeg.bin, 11.995648, 4.393748, 11.779087, 5.060187
frame_122.zeroDeg.bin, 11.654941, 5.371056, -10.971331, -2.633626
frame_123.zeroDeg.bin, -12.676691, -5.810724, 10.068655, 2.208405
frame_123.zeroDeg.bin, 23.416578, 5.566026, 22.506529, 8.136139
frame_123.zeroDeg.bin, 11.999405, 4.395124, 11.780006, 5.060582
frame_123.zeroDeg.bin, 11.658573, 5.372729, -10.990779, -2.638294
frame_124.zeroDeg.bin, -12.674873, -5.809891, -11.734241, -5.501745
frame_124.zeroDeg.bin, -10.185822, -4.938767, -1.012012, -1.788535
frame_124.zeroDeg.bin, -0.949010, -1.766184, 10.060841, 2.206692
frame_124.zeroDeg.bin, 23.406849, 5.563714, 22.505589, 8.135799
frame_124.zeroDeg.bin, 11.666747, 5.376496, -2.594692, 0.272860
frame_124.zeroDeg.bin, -3.505157, 0.076908, -10.967442, -2.632693
frame_125.zeroDeg.bin, -12.678509, -5.811558, -11.745106, -5.506840
frame_125.zeroDeg.bin, -10.004557, -4.879344, 10.052050, 2.204763
frame_125.zeroDeg.bin, 23.410740, 5.564639, 22.494303, 8.131720
frame_125.zeroDeg.bin, 11.995648, 4.393748, 11.779087, 5.060187
frame_125.zeroDeg.bin, 11.667656, 5.376915, -10.960635, -2.631058
frame_126.zeroDeg.bin, -12.676691, -5.810724, -11.729713, -5.499623
frame_126.zeroDeg.bin, -10.228113, -4.959272, 10.031538, 2.200264
frame_126.zeroDeg.bin, 23.403929, 5.563020, 22.515932, 8.139539
frame_126.zeroDeg.bin, 12.005039, 4.397188, 11.777250, 5.059398
frame_126.zeroDeg.bin, 11.655849, 5.371474, -10.957718, -2.630358
frame_127.zeroDeg.bin, -12.680327, -5.812391, -11.726091, -5.497925
frame_127.zeroDeg.bin, -10.218215, -4.954473, 10.049119, 2.204121
frame_127.zeroDeg.bin, 23.407822, 5.563945, 22.506529, 8.136139
frame_127.zeroDeg.bin, 12.000343, 4.395468, 11.777250, 5.059398
frame_127.zeroDeg.bin, 11.663115, 5.374822, -10.950912, -2.628724
frame_128.zeroDeg.bin, -12.676691, -5.810724, -11.744200, -5.506415
frame_128.zeroDeg.bin, -10.031521, -4.892495, -1.018103, -1.789678
frame_128.zeroDeg.bin, -0.948537, -1.765303, 10.057910, 2.206049
frame_128.zeroDeg.bin, 23.411713, 5.564870, 22.514992, 8.139198
frame_128.zeroDeg.bin, 11.658573, 5.372729, -2.602648, 0.273697
frame_128.zeroDeg.bin, -3.506986, 0.084349, -10.978138, -2.635260
frame_129.zeroDeg.bin, -12.673965, -5.809474, -11.741484, -5.505142
frame_129.zeroDeg.bin, -10.229914, -4.960145, 10.083306, 2.211619
frame_129.zeroDeg.bin, 23.408794, 5.564177, 22.510292, 8.137499
frame_129.zeroDeg.bin, 11.999405, 4.395124, 11.778170, 5.059793
frame_129.zeroDeg.bin, 10.769205, 5.020573, -10.970358, -2.633393
frame_130.zeroDeg.bin, -12.677601, -5.811141, -11.741484, -5.505142
frame_130.zeroDeg.bin, -10.221814, -4.956218, 10.055957, 2.205620
frame_130.zeroDeg.bin, 23.413658, 5.565332, 22.504648, 8.135459
frame_130.zeroDeg.bin, 11.996588, 4.394093, 11.779087, 5.060187
frame_130.zeroDeg.bin, 11.656757, 5.371892, -10.969386, -2.633159
frame_131.zeroDeg.bin, -12.674873, -5.809891, -11.739673, -5.504292
frame_131.zeroDeg.bin, -10.203818, -4.947493, 10.054004, 2.205192
frame_131.zeroDeg.bin, 23.406849, 5.563714, 22.494303, 8.131720
frame_131.zeroDeg.bin, 11.994710, 4.393404, 11.777250, 5.059398
frame_131.zeroDeg.bin, 11.662206, 5.374403, -10.967442, -2.632693
frame_132.zeroDeg.bin, -12.677601, -5.811141, -11.734241, -5.501745
frame_132.zeroDeg.bin, -9.794017, -4.802260, 10.048142, 2.203906
frame_132.zeroDeg.bin, 23.403929, 5.563020, 22.499004, 8.133419
frame_132.zeroDeg.bin, 11.998466, 4.394780, 11.778170, 5.059793
frame_132.zeroDeg.bin, 11.666747, 5.376496, -10.961607, -2.631292
frame_133.zeroDeg.bin, -12.678509, -5.811558, -11.743295, -5.505991
frame_133.zeroDeg.bin, -10.233512, -4.961890, 10.051073, 2.204549
frame_133.zeroDeg.bin, 23.396147, 5.561170, 22.514992, 8.139198
frame_133.zeroDeg.bin, 11.999405, 4.395124, 11.780006, 5.060582
frame_133.zeroDeg.bin, 10.770111, 5.020996, -10.976193, -2.634793
frame_134.zeroDeg.bin, -12.679419, -5.811975, -11.751443, -5.509811
frame_134.zeroDeg.bin, -10.004557, -4.879344, 10.062795, 2.207120
frame_134.zeroDeg.bin, 23.401011, 5.562326, 22.487720, 8.129340
frame_134.zeroDeg.bin, 11.990015, 4.391685, 11.778170, 5.059793
frame_134.zeroDeg.bin, 11.658573, 5.372729, -10.976193, -2.634793
frame_135.zeroDeg.bin, -12.677601, -5.811141, -11.740578, -5.504717
frame_135.zeroDeg.bin, -10.238911, -4.964508, 10.065725, 2.207763
frame_135.zeroDeg.bin, 23.413658, 5.565332, 22.486778, 8.129000
frame_135.zeroDeg.bin, 11.987198, 4.390653, 11.779087, 5.060187
frame_135.zeroDeg.bin, 11.664023, 5.375241, -10.969386, -2.633159
frame_136.zeroDeg.bin, -12.678509, -5.811558, -11.734241, -5.501745
frame_136.zeroDeg.bin, -9.957820, -4.856550, 10.083306, 2.211619
frame_136.zeroDeg.bin, 23.391281, 5.560013, 22.494303, 8.131720
frame_136.zeroDeg.bin, 11.999405, 4.395124, 11.777250, 5.059398
frame_136.zeroDeg.bin, 11.665839, 5.376078, -10.964524, -2.631992
frame_137.zeroDeg.bin, -12.676691, -5.810724, -11.735146, -5.502170
frame_137.zeroDeg.bin, -10.208318, -4.949674, 9.932570, 2.156609
frame_137.zeroDeg.bin, 23.405876, 5.563483, 22.502766, 8.134779
frame_137.zeroDeg.bin, 11.990954, 4.392029, 11.777250, 5.059398
frame_137.zeroDeg.bin, 11.660390, 5.373567, -10.948967, -2.628258
frame_138.zeroDeg.bin, -12.651692, -5.831590, -11.743295, -5.505991
frame_138.zeroDeg.bin, -9.840706, -4.825153, 10.044235, 2.203049
frame_138.zeroDeg.bin, 23.400038, 5.562095, 22.502766, 8.134779
frame_138.zeroDeg.bin, 12.004100, 4.396844, 11.778170, 5.059793
frame_138.zeroDeg.bin, 11.660390, 5.373567, -10.967442, -2.632693
frame_139.zeroDeg.bin, -12.679419, -5.811975, -11.738768, -5.503868
frame_139.zeroDeg.bin, -9.973998, -4.864440, 10.050096, 2.204335
frame_139.zeroDeg.bin, 23.412685, 5.565101, 22.504648, 8.135459
frame_139.zeroDeg.bin, 11.992832, 4.392717, 11.778170, 5.059793
frame_139.zeroDeg.bin, 11.664023, 5.375241, -10.966469, -2.632459
frame_140.zeroDeg.bin, -12.677601, -5.811141, -11.736957, -5.503019
frame_140.zeroDeg.bin, -10.199320, -4.945312, 10.039351, 2.201978
frame_140.zeroDeg.bin, 23.421442, 5.567183, 22.506529, 8.136139
frame_140.zeroDeg.bin, 12.001283, 4.395812, 11.776332, 5.059003
frame_140.zeroDeg.bin, 11.664931, 5.375659, -10.983972, -2.636660
frame_141.zeroDeg.bin, -12.675782, -5.810308, -11.740578, -5.504717
frame_141.zeroDeg.bin, -10.211017, -4.950983, 10.050096, 2.204335
frame_141.zeroDeg.bin, 23.398092, 5.561632, 22.504648, 8.135459
frame_141.zeroDeg.bin, 11.998466, 4.394780, 11.778170, 5.059793
frame_141.zeroDeg.bin, 11.658573, 5.372729, -10.940215, -2.626157
frame_142.zeroDeg.bin, -12.675782, -5.810308, -11.744200, -5.506415
frame_142.zeroDeg.bin, -10.232613, -4.961454, 10.059864, 2.206477
frame_142.zeroDeg.bin, 23.404902, 5.563251, 22.490541, 8.130360
frame_142.zeroDeg.bin, 11.994710, 4.393404, 11.780006, 5.060582
frame_142.zeroDeg.bin, 11.660390, 5.373567, -10.972303, -2.633860
frame_143.zeroDeg.bin, -12.674873, -5.809891, -11.740578, -5.504717
frame_143.zeroDeg.bin, -10.240710, -4.965380, 10.034468, 2.200907
frame_143.zeroDeg.bin, 23.408794, 5.564177, 22.503708, 8.135119
frame_143.zeroDeg.bin, 12.002221, 4.396156, 11.777250, 5.059398
frame_143.zeroDeg.bin, 11.653439, 5.402907, -10.961607, -2.631292
frame_144.zeroDeg.bin, -12.673965, -5.809474, -11.736051, -5.502594
frame_144.zeroDeg.bin, -9.956921, -4.856112, 10.062795, 2.207120
frame_144.zeroDeg.bin, 23.404902, 5.563251, 22.508410, 8.136819
frame_144.zeroDeg.bin, 11.994710, 4.393404, 11.779087, 5.060187
frame_144.zeroDeg.bin, 11.663115, 5.374822, -10.953829, -2.629425
frame_145.zeroDeg.bin, -12.674873, -5.809891, -11.741484, -5.505142
frame_145.zeroDeg.bin, -10.238011, -4.964072, 10.040329, 2.202193
frame_145.zeroDeg.bin, 23.407822, 5.563945, 22.503708, 8.135119
frame_145.zeroDeg.bin, 11.996588, 4.394093, 11.778170, 5.059793
frame_145.zeroDeg.bin, 11.664931, 5.375659, -10.980083, -2.635727
frame_146.zeroDeg.bin, -12.673965, -5.809474, -11.745106, -5.506840
frame_146.zeroDeg.bin, -10.226314, -4.958400, 10.038375, 2.201764
frame_146.zeroDeg.bin, 23.419497, 5.566720, 22.507469, 8.136479
frame_146.zeroDeg.bin, 11.987198, 4.390653, 11.775413, 5.058609
frame_146.zeroDeg.bin, 11.662206, 5.374403, -10.949939, -2.628491
frame_147.zeroDeg.bin, -12.675782, -5.810308, -11.748727, -5.508538
frame_147.zeroDeg.bin, -10.248809, -4.969307, 10.050096, 2.204335
frame_147.zeroDeg.bin, 23.405876, 5.563483, 22.499945, 8.133759
frame_147.zeroDeg.bin, 11.997527, 4.394436, 11.779087, 5.060187
frame_147.zeroDeg.bin, 11.664023, 5.375241, -10.965497, -2.632226
frame_148.zeroDeg.bin, -12.678509, -5.811558, -11.743295, -5.505991
frame_148.zeroDeg.bin, -10.053093, -4.903016, 10.080376, 2.210976
frame_148.zeroDeg.bin, 23.415606, 5.565795, 22.497126, 8.132740
frame_148.zeroDeg.bin, 11.996588, 4.394093, 11.780006, 5.060582
frame_148.zeroDeg.bin, 11.663115, 5.374822, -10.993695, -2.638994
frame_149.zeroDeg.bin, -12.677601, -5.811141, -11.735146, -5.502170
frame_149.zeroDeg.bin, -10.190321, -4.940948, 9.890549, 2.147485
frame_149.zeroDeg.bin, 23.416578, 5.566026, 22.504648, 8.135459
frame_149.zeroDeg.bin, 11.993771, 4.393061, 11.779087, 5.060187
frame_149.zeroDeg.bin, 11.663115, 5.374822, -10.966469, -2.632459
frame_150.zeroDeg.bin, -12.682146, -5.813225, -11.731524, -5.500472
frame_150.zeroDeg.bin, -10.211917, -4.951419, 10.071586, 2.209048
frame_150.zeroDeg.bin, 23.413658, 5.565332, 22.494303, 8.131720
frame_150.zeroDeg.bin, 12.005039, 4.397188, 11.779087, 5.060187
frame_150.zeroDeg.bin, 11.658573, 5.372729, -10.989806, -2.638061
frame_151.zeroDeg.bin, -12.674873, -5.809891, -11.736051, -5.502594
frame_151.zeroDeg.bin, -9.785936, -4.798297, 10.080376, 2.210976
frame_151.zeroDeg.bin, 23.407822, 5.563945, 22.505589, 8.135799
frame_151.zeroDeg.bin, 11.990954, 4.392029, 11.781844, 5.061371
frame_151.zeroDeg.bin, 11.664931, 5.375659, -10.963552, -2.631759
frame_152.zeroDeg.bin, -12.674873, -5.809891, -11.740578, -5.504717
frame_152.zeroDeg.bin, -10.190321, -4.940948, 10.056933, 2.205834
frame_152.zeroDeg.bin, 23.408794, 5.564177, 22.496183, 8.132400
frame_152.zeroDeg.bin, 11.988137, 4.390997, 11.780925, 5.060977
frame_152.zeroDeg.bin, 11.663115, 5.374822, -10.980083, -2.635727
frame_153.zeroDeg.bin, -12.675782, -5.810308, -11.743295, -5.505991
frame_153.zeroDeg.bin, -10.211917, -4.951419, 10.071586, 2.209048
frame_153.zeroDeg.bin, 23.401011, 5.562326, 22.492422, 8.131040
frame_153.zeroDeg.bin, 11.988137, 4.390997, 11.779087, 5.060187
frame_153.zeroDeg.bin, 11.660390, 5.373567, -11.266063, -2.729521
frame_154.zeroDeg.bin, -12.678509, -5.811558, -11.737862, -5.503443
frame_154.zeroDeg.bin, -9.820952, -4.815467, 10.063771, 2.207334
frame_154.zeroDeg.bin, 23.405876, 5.563483, 22.515932, 8.139539
frame_154.zeroDeg.bin, 12.002221, 4.396156, 11.778170, 5.059793
frame_154.zeroDeg.bin, 11.659482, 5.373148, -10.986889, -2.637361
frame_155.zeroDeg.bin, -12.677601, -5.811141, 10.057910, 2.206049
frame_155.zeroDeg.bin, 23.416578, 5.566026, 22.495243, 8.132059
frame_155.zeroDeg.bin, 11.992832, 4.392717, 11.780006, 5.060582
frame_155.zeroDeg.bin, 11.665839, 5.376078, -10.954801, -2.629658
frame_156.zeroDeg.bin, -12.679419, -5.811975, -11.739673, -5.504292
frame_156.zeroDeg.bin, -10.202918, -4.947056, 10.051073, 2.204549
frame_156.zeroDeg.bin, 23.424360, 5.567876, 22.514992, 8.139198
frame_156.zeroDeg.bin, 11.996588, 4.394093, 11.777250, 5.059398
frame_156.zeroDeg.bin, 11.660390, 5.373567, -10.977165, -2.635026
frame_157.zeroDeg.bin, -12.678509, -5.811558, -11.737862, -5.503443
frame_157.zeroDeg.bin, -10.199320, -4.945312, 10.034468, 2.200907
frame_157.zeroDeg.bin, 23.404902, 5.563251, 22.511230, 8.137839
frame_157.zeroDeg.bin, 12.005979, 4.397532, 11.778170, 5.059793
frame_157.zeroDeg.bin, 11.662511, 5.407113, -10.977165, -2.635026
frame_158.zeroDeg.bin, -12.677601, -5.811141, -11.742389, -5.505566
frame_158.zeroDeg.bin, -10.037813, -4.895564, 10.034468, 2.200907
frame_158.zeroDeg.bin, 23.408794, 5.564177, 22.506529, 8.136139
frame_158.zeroDeg.bin, 11.993771, 4.393061, 11.777250, 5.059398
frame_158.zeroDeg.bin, 11.654033, 5.370637, -10.957718, -2.630358
frame_159.zeroDeg.bin, -12.676691, -5.810724, -11.748727, -5.508538
frame_159.zeroDeg.bin, -10.241611, -4.965817, 10.064748, 2.207548
frame_159.zeroDeg.bin, 23.420469, 5.566951, 22.493362, 8.131379
frame_159.zeroDeg.bin, 11.996588, 4.394093, 11.780006, 5.060582
frame_159.zeroDeg.bin, 11.663115, 5.374822, -10.979111, -2.635494
frame_160.zeroDeg.bin, -12.675782, -5.810308, -11.729713, -5.499623
frame_160.zeroDeg.bin, -10.000063, -4.877153, 10.037398, 2.201550
frame_160.zeroDeg.bin, 23.413658, 5.565332, 22.499004, 8.133419
frame_160.zeroDeg.bin, 11.992832, 4.392717, 11.779087, 5.060187
frame_160.zeroDeg.bin, 11.662206, 5.374403, -10.945076, -2.627324
frame_161.zeroDeg.bin, -12.681236, -5.812808, 10.055957, 2.205620
frame_161.zeroDeg.bin, 23.415606, 5.565795, 22.490541, 8.130360
frame_161.zeroDeg.bin, 12.000343, 4.395468, 11.777250, 5.059398
frame_161.zeroDeg.bin, 11.665839, 5.376078, -10.962580, -2.631525
frame_162.zeroDeg.bin, -12.674873, -5.809891, -11.737862, -5.503443
frame_162.zeroDeg.bin, -10.196620, -4.944002, 9.896412, 2.148758
frame_162.zeroDeg.bin, 23.415606, 5.565795, 22.496183, 8.132400
frame_162.zeroDeg.bin, 11.990954, 4.392029, 11.778170, 5.059793
frame_162.zeroDeg.bin, 11.664931, 5.375659, -10.954801, -2.629658
frame_163.zeroDeg.bin, -16.882753, -7.296457, -15.916746, -7.002466
frame_163.zeroDeg.bin, -12.648969, -5.830334, -11.747822, -5.508113
frame_163.zeroDeg.bin, -9.997367, -4.875838, 10.041305, 2.202407
frame_163.zeroDeg.bin, 23.400038, 5.562095, 22.497126, 8.132740
frame_163.zeroDeg.bin, 12.000343, 4.395468, 11.779087, 5.060187
frame_163.zeroDeg.bin, 11.663115, 5.374822, -10.966469, -2.632459
frame_164.zeroDeg.bin, -12.679419, -5.811975, -11.741484, -5.505142
frame_164.zeroDeg.bin, -10.247009, -4.968434, 10.056933, 2.205834
frame_164.zeroDeg.bin, 23.419497, 5.566720, 22.500887, 8.134099
frame_164.zeroDeg.bin, 11.996588, 4.394093, 11.780006, 5.060582
frame_164.zeroDeg.bin, 11.654941, 5.371056, -10.952856, -2.629191
frame_165.zeroDeg.bin, -12.673055, -5.809058, -11.722469, -5.496226
frame_165.zeroDeg.bin, -10.230813, -4.960581, 10.065725, 2.207763
frame_165.zeroDeg.bin, 23.402958, 5.562789, 22.491482, 8.130700
frame_165.zeroDeg.bin, 11.991893, 4.392373, 11.778170, 5.059793
frame_165.zeroDeg.bin, 10.761953, 5.017193, -11.004393, -2.641562
frame_166.zeroDeg.bin, -12.674873, -5.809891, -11.705267, -5.488161
frame_166.zeroDeg.bin, -10.237111, -4.963635, 10.044235, 2.203049
frame_166.zeroDeg.bin, 23.414631, 5.565564, 22.506529, 8.136139
frame_166.zeroDeg.bin, 12.002221, 4.396156, 11.776332, 5.059003
frame_166.zeroDeg.bin, 11.660390, 5.373567, -10.963552, -2.631759
frame_167.zeroDeg.bin, -12.678509, -5.811558, -11.746916, -5.507689
frame_167.zeroDeg.bin, -10.239811, -4.964944, 10.063771, 2.207334
frame_167.zeroDeg.bin, 23.420469, 5.566951, 22.509350, 8.137158
frame_167.zeroDeg.bin, 11.994710, 4.393404, 11.776332, 5.059003
frame_167.zeroDeg.bin, 11.657666, 5.372311, -10.958691, -2.630592
frame_168.zeroDeg.bin, -12.675782, -5.810308, -11.742389, -5.505566
frame_168.zeroDeg.bin, -10.204718, -4.947929, 10.049119, 2.204121
frame_168.zeroDeg.bin, 23.402958, 5.562789, 22.506529, 8.136139
frame_168.zeroDeg.bin, 11.993771, 4.393061, 11.778170, 5.059793
frame_168.zeroDeg.bin, 11.660390, 5.373567, -10.980083, -2.635727
frame_169.zeroDeg.bin, -12.673055, -5.809058, -11.729713, -5.499623
frame_169.zeroDeg.bin, -9.836217, -4.822951, 10.056933, 2.205834
frame_169.zeroDeg.bin, 23.417549, 5.566257, 22.499004, 8.133419
frame_169.zeroDeg.bin, 11.995648, 4.393748, 11.779087, 5.060187
frame_169.zeroDeg.bin, 11.662206, 5.374403, -10.938270, -2.625690
frame_170.zeroDeg.bin, -12.675782, -5.810308, -11.737862, -5.503443
frame_170.zeroDeg.bin, -10.233512, -4.961890, 10.062795, 2.207120
frame_170.zeroDeg.bin, 23.412685, 5.565101, 22.489601, 8.130019
frame_170.zeroDeg.bin, 11.988137, 4.390997, 11.778170, 5.059793
frame_170.zeroDeg.bin, 11.651308, 5.369381, -10.974249, -2.634326
frame_171.zeroDeg.bin, -12.679419, -5.811975, -11.723375, -5.496651
frame_171.zeroDeg.bin, -10.170527, -4.931350, 10.057910, 2.206049
frame_171.zeroDeg.bin, 23.416578, 5.566026, 22.522516, 8.141918
frame_171.zeroDeg.bin, 12.003160, 4.396500, 11.778170, 5.059793
frame_171.zeroDeg.bin, 11.661299, 5.373985, -10.966469, -2.632459
frame_172.zeroDeg.bin, -12.675782, -5.810308, -11.737862, -5.503443
frame_172.zeroDeg.bin, -9.830830, -4.820310, 10.055957, 2.205620
frame_172.zeroDeg.bin, 23.401985, 5.562558, 22.515932, 8.139539
frame_172.zeroDeg.bin, 11.990015, 4.391685, 11.782763, 5.061766
frame_172.zeroDeg.bin, 11.667656, 5.376915, -10.945076, -2.627324
frame_173.zeroDeg.bin, -12.649877, -5.830753, -11.742389, -5.505566
frame_173.zeroDeg.bin, -9.834421, -4.822071, 10.029583, 2.199836
frame_173.zeroDeg.bin, 23.412685, 5.565101, 22.500887, 8.134099
frame_173.zeroDeg.bin, 11.995648, 4.393748, 11.778170, 5.059793
frame_173.zeroDeg.bin, 11.657666, 5.372311, -11.020922, -2.645530
frame_174.zeroDeg.bin, -12.674873, -5.809891, -11.710699, -5.490708
frame_174.zeroDeg.bin, -10.416895, -5.023696, 10.071586, 2.209048
frame_174.zeroDeg.bin, 23.414631, 5.565564, 22.508410, 8.136819
frame_174.zeroDeg.bin, 11.991893, 4.392373, 11.778170, 5.059793
frame_174.zeroDeg.bin, 11.664023, 5.375241, -10.982027, -2.636194
frame_175.zeroDeg.bin, -12.676691, -5.810724, -11.728808, -5.499198
frame_175.zeroDeg.bin, -10.190321, -4.940948, 10.042282, 2.202621
frame_175.zeroDeg.bin, 23.410740, 5.564639, 22.501827, 8.134439
frame_175.zeroDeg.bin, 11.999405, 4.395124, 11.780925, 5.060977
frame_175.zeroDeg.bin, 11.665839, 5.376078, -10.983972, -2.636660
frame_176.zeroDeg.bin, -12.680327, -5.812391, -11.750538, -5.509387
frame_176.zeroDeg.bin, -10.201119, -4.946184, 10.051073, 2.204549
frame_176.zeroDeg.bin, 23.408794, 5.564177, 22.492422, 8.131040
frame_176.zeroDeg.bin, 11.997527, 4.394436, 11.778170, 5.059793
frame_176.zeroDeg.bin, 11.663115, 5.374822, -10.975221, -2.634560
frame_177.zeroDeg.bin, -12.676691, -5.810724, -11.735146, -5.502170
frame_177.zeroDeg.bin, -10.197520, -4.944439, 10.034468, 2.200907
frame_177.zeroDeg.bin, 23.401985, 5.562558, 22.502766, 8.134779
frame_177.zeroDeg.bin, 11.995648, 4.393748, 11.780006, 5.060582
frame_177.zeroDeg.bin, 11.664023, 5.375241, -10.982027, -2.636194
frame_178.zeroDeg.bin, -12.676691, -5.810724, -11.738768, -5.503868
frame_178.zeroDeg.bin, -10.246110, -4.967998, 10.050096, 2.204335
frame_178.zeroDeg.bin, 23.408794, 5.564177, 22.500887, 8.134099
frame_178.zeroDeg.bin, 12.002221, 4.396156, 11.780925, 5.060977
frame_178.zeroDeg.bin, 11.661299, 5.373985, -10.966469, -2.632459
frame_179.zeroDeg.bin, -12.674873, -5.809891, -11.744200, -5.506415
frame_179.zeroDeg.bin, -10.211017, -4.950983, 9.934525, 2.157033
frame_179.zeroDeg.bin, 23.415606, 5.565795, 22.501827, 8.134439
frame_179.zeroDeg.bin, 11.989076, 4.391341, 11.780006, 5.060582
frame_179.zeroDeg.bin, 11.664023, 5.375241, -11.210666, -2.716099
frame_180.zeroDeg.bin, -12.676691, -5.810724, -11.746010, -5.507264
frame_180.zeroDeg.bin, -10.208318, -4.949674, 10.056933, 2.205834
frame_180.zeroDeg.bin, 23.411713, 5.564870, 22.501827, 8.134439
frame_180.zeroDeg.bin, 11.996588, 4.394093, 11.777250, 5.059398
frame_180.zeroDeg.bin, 11.666747, 5.376496, -10.973276, -2.634093
frame_181.zeroDeg.bin, -12.674873, -5.809891, -11.724281, -5.497076
frame_181.zeroDeg.bin, -10.201119, -4.946184, 10.055957, 2.205620
frame_181.zeroDeg.bin, 23.410740, 5.564639, 22.514992, 8.139198
frame_181.zeroDeg.bin, 11.993771, 4.393061, 11.779087, 5.060187
frame_181.zeroDeg.bin, 11.665839, 5.376078, -10.989806, -2.638061
frame_182.zeroDeg.bin, -12.673055, -5.809058, -11.727902, -5.498774
frame_182.zeroDeg.bin, -10.021634, -4.887673, 10.050096, 2.204335
frame_182.zeroDeg.bin, 23.409767, 5.564407, 22.502766, 8.134779
frame_182.zeroDeg.bin, 12.002221, 4.396156, 11.778170, 5.059793
frame_182.zeroDeg.bin, 11.663115, 5.374822, -10.946050, -2.627557
frame_183.zeroDeg.bin, -12.674873, -5.809891, -11.740578, -5.504717
frame_183.zeroDeg.bin, -9.806587, -4.808423, 10.057910, 2.206049
frame_183.zeroDeg.bin, 23.411713, 5.564870, 22.513111, 8.138518
frame_183.zeroDeg.bin, 11.995648, 4.393748, 11.780006, 5.060582
frame_183.zeroDeg.bin, 11.666140, 5.408796, -11.769429, -2.906488
frame_184.zeroDeg.bin, -12.678509, -5.811558, -11.742389, -5.505566
frame_184.zeroDeg.bin, -10.230813, -4.960581, 10.038375, 2.201764
frame_184.zeroDeg.bin, 23.418522, 5.566489, 22.499004, 8.133419
frame_184.zeroDeg.bin, 11.999405, 4.395124, 11.779087, 5.060187
frame_184.zeroDeg.bin, 11.658573, 5.372729, -10.997585, -2.639928
frame_185.zeroDeg.bin, -12.676691, -5.810724, -11.742389, -5.505566
frame_185.zeroDeg.bin, -10.193921, -4.942694, 10.037398, 2.201550
frame_185.zeroDeg.bin, 23.398092, 5.561632, 22.502766, 8.134779
frame_185.zeroDeg.bin, 11.997527, 4.394436, 11.777250, 5.059398
frame_185.zeroDeg.bin, 11.663115, 5.374822, -10.956745, -2.630125
frame_186.zeroDeg.bin, -12.678509, -5.811558, -11.748727, -5.508538
frame_186.zeroDeg.bin, -10.013545, -4.883728, 10.083306, 2.211619
frame_186.zeroDeg.bin, 23.397120, 5.561401, 22.505589, 8.135799
frame_186.zeroDeg.bin, 11.996588, 4.394093, 11.780006, 5.060582
frame_186.zeroDeg.bin, 11.657666, 5.372311, -10.981055, -2.635960
frame_187.zeroDeg.bin, -12.675782, -5.810308, -11.740578, -5.504717
frame_187.zeroDeg.bin, -10.222714, -4.956655, 10.030560, 2.200050
frame_187.zeroDeg.bin, 23.403929, 5.563020, 22.506529, 8.136139
frame_187.zeroDeg.bin, 11.997527, 4.394436, 11.780006, 5.060582
frame_187.zeroDeg.bin, 11.664023, 5.375241, -11.003420, -2.641329
frame_188.zeroDeg.bin, -12.676691, -5.810724, -11.727902, -5.498774
frame_188.zeroDeg.bin, -10.195721, -4.943566, 10.038375, 2.201764
frame_188.zeroDeg.bin, 23.401985, 5.562558, 22.500887, 8.134099
frame_188.zeroDeg.bin, 12.010674, 4.399251, 11.778170, 5.059793
frame_188.zeroDeg.bin, 11.663115, 5.374822, -10.977165, -2.635026
frame_189.zeroDeg.bin, -12.678509, -5.811558, -11.745106, -5.506840
frame_189.zeroDeg.bin, -10.217316, -4.954037, 10.045213, 2.203264
frame_189.zeroDeg.bin, 23.406849, 5.563714, 22.509350, 8.137158
frame_189.zeroDeg.bin, 11.993771, 4.393061, 11.779087, 5.060187
frame_189.zeroDeg.bin, 11.663115, 5.374822, -10.956745, -2.630125
frame_190.zeroDeg.bin, -12.674873, -5.809891, -11.746010, -5.507264
frame_190.zeroDeg.bin, -10.198420, -4.944875, 10.051073, 2.204549
frame_190.zeroDeg.bin, 23.418522, 5.566489, 22.497126, 8.132740
frame_190.zeroDeg.bin, 11.991893, 4.392373, 11.778170, 5.059793
frame_190.zeroDeg.bin, 11.666747, 5.376496, -10.955773, -2.629891
frame_191.zeroDeg.bin, -12.677601, -5.811141, -11.746916, -5.507689
frame_191.zeroDeg.bin, -10.232613, -4.961454, 10.054979, 2.205406
frame_191.zeroDeg.bin, 23.417549, 5.566257, 22.499004, 8.133419
frame_191.zeroDeg.bin, 11.998466, 4.394780, 11.779087, 5.060187
frame_191.zeroDeg.bin, 11.658573, 5.372729, -10.975221, -2.634560
frame_192.zeroDeg.bin, -12.677601, -5.811141, -11.746010, -5.507264
frame_192.zeroDeg.bin, -10.424101, -5.027172, 10.063771, 2.207334
frame_192.zeroDeg.bin, 23.403929, 5.563020, 22.487720, 8.129340
frame_192.zeroDeg.bin, 11.994710, 4.393404, 11.777250, 5.059398
frame_192.zeroDeg.bin, 11.658573, 5.372729, -10.967442, -2.632693
frame_193.zeroDeg.bin, -12.681236, -5.812808, 10.060841, 2.206692
frame_193.zeroDeg.bin, 23.395174, 5.560939, 22.486778, 8.129000
frame_193.zeroDeg.bin, 11.995648, 4.393748, 11.776332, 5.059003
frame_193.zeroDeg.bin, 11.665839, 5.376078, -10.987862, -2.637594
frame_194.zeroDeg.bin, -12.675782, -5.810308, -11.735146, -5.502170
frame_194.zeroDeg.bin, -10.196620, -4.944002, 10.069632, 2.208620
frame_194.zeroDeg.bin, 23.404902, 5.563251, 22.495243, 8.132059
frame_194.zeroDeg.bin, 12.001283, 4.395812, 11.777250, 5.059398
frame_194.zeroDeg.bin, 11.659482, 5.373148, -10.963552, -2.631759
frame_195.zeroDeg.bin, -12.678509, -5.811558, -11.736051, -5.502594
frame_195.zeroDeg.bin, -10.004557, -4.879344, 10.041305, 2.202407
frame_195.zeroDeg.bin, 23.418522, 5.566489, 22.507469, 8.136479
frame_195.zeroDeg.bin, 11.995648, 4.393748, 11.780006, 5.060582
frame_195.zeroDeg.bin, 11.665839, 5.376078, -10.966469, -2.632459
frame_196.zeroDeg.bin, -12.677601, -5.811141, -11.736051, -5.502594
frame_196.zeroDeg.bin, -10.214617, -4.952728, 10.062795, 2.207120
frame_196.zeroDeg.bin, 23.417549, 5.566257, 22.498066, 8.133080
frame_196.zeroDeg.bin, 11.990954, 4.392029, 11.773575, 5.057819
frame_196.zeroDeg.bin, 11.664931, 5.375659, -10.959662, -2.630825
frame_197.zeroDeg.bin, -12.678509, -5.811558, -11.744200, -5.506415
frame_197.zeroDeg.bin, -10.025229, -4.889427, 10.053026, 2.204978
frame_197.zeroDeg.bin, 23.412685, 5.565101, 22.488661, 8.129680
frame_197.zeroDeg.bin, 11.996588, 4.394093, 11.779087, 5.060187
frame_197.zeroDeg.bin, 11.662206, 5.374403, -10.964524, -2.631992
frame_198.zeroDeg.bin, -12.674873, -5.809891, -11.738768, -5.503868
frame_198.zeroDeg.bin, -9.821851, -4.815907, 10.017862, 2.197265
frame_198.zeroDeg.bin, 23.410740, 5.564639, 22.501827, 8.134439
frame_198.zeroDeg.bin, 11.994710, 4.393404, 11.777250, 5.059398
frame_198.zeroDeg.bin, 11.665839, 5.376078, -11.006337, -2.642029
frame_199.zeroDeg.bin, -12.677601, -5.811141, -11.747822, -5.508113
frame_199.zeroDeg.bin, -10.237111, -4.963635, 10.053026, 2.204978
frame_199.zeroDeg.bin, 23.414631, 5.565564, 22.514053, 8.138859
frame_199.zeroDeg.bin, 11.999405, 4.395124, 11.780006, 5.060582
frame_199.zeroDeg.bin, 11.658573, 5.372729, -10.961607, -2.631292
frame_200.zeroDeg.bin, -12.675782, -5.810308, 10.048142, 2.203906
frame_200.zeroDeg.bin, 23.407822, 5.563945, 22.497126, 8.132740
frame_200.zeroDeg.bin, 11.996588, 4.394093, 11.778170, 5.059793
frame_200.zeroDeg.bin, 11.660390, 5.373567, -10.965497, -2.632226
frame_201.zeroDeg.bin, -12.677601, -5.811141, -11.735146, -5.502170
frame_201.zeroDeg.bin, -10.238011, -4.964072, 10.058887, 2.206263
frame_201.zeroDeg.bin, 23.415606, 5.565795, 22.497126, 8.132740
frame_201.zeroDeg.bin, 11.987198, 4.390653, 11.779087, 5.060187
frame_201.zeroDeg.bin, 11.662206, 5.374403, -10.957718, -2.630358
frame_202.zeroDeg.bin, -12.681236, -5.812808, -11.742389, -5.505566
frame_202.zeroDeg.bin, -10.211017, -4.950983, 10.068655, 2.208405
frame_202.zeroDeg.bin, 23.410740, 5.564639, 22.499004, 8.133419
frame_202.zeroDeg.bin, 11.988137, 4.390997, 11.780006, 5.060582
frame_202.zeroDeg.bin, 11.657666, 5.372311, -10.962580, -2.631525
frame_203.zeroDeg.bin, -12.673055, -5.809058, 10.049119, 2.204121
frame_203.zeroDeg.bin, 23.415606, 5.565795, 22.504648, 8.135459
frame_203.zeroDeg.bin, 12.003160, 4.396500, 11.774493, 5.058214
frame_203.zeroDeg.bin, 11.663115, 5.374822, -10.944104, -2.627090
frame_204.zeroDeg.bin, -16.884588, -7.297250, -15.918577, -7.003272
frame_204.zeroDeg.bin, -12.652601, -5.832009, -11.740578, -5.504717
frame_204.zeroDeg.bin, -10.232613, -4.961454, 10.054004, 2.205192
frame_204.zeroDeg.bin, 23.418522, 5.566489, 22.497126, 8.132740
frame_204.zeroDeg.bin, 12.002221, 4.396156, 11.778170, 5.059793
frame_204.zeroDeg.bin, 11.664023, 5.375241, -10.982027, -2.636194
frame_205.zeroDeg.bin, -12.677601, -5.811141, 10.058887, 2.206263
frame_205.zeroDeg.bin, 23.416578, 5.566026, 22.511230, 8.137839
frame_205.zeroDeg.bin, 11.994710, 4.393404, 11.777250, 5.059398
frame_205.zeroDeg.bin, 11.662206, 5.374403, -10.983972, -2.636660
frame_206.zeroDeg.bin, -12.679419, -5.811975, -11.735146, -5.502170
frame_206.zeroDeg.bin, -10.208318, -4.949674, 10.073539, 2.209476
frame_206.zeroDeg.bin, 23.412685, 5.565101, 22.502766, 8.134779
frame_206.zeroDeg.bin, 11.994710, 4.393404, 11.779087, 5.060187
frame_206.zeroDeg.bin, 11.657666, 5.372311, -10.967442, -2.632693
frame_207.zeroDeg.bin, -12.674873, -5.809891, -11.731524, -5.500472
frame_207.zeroDeg.bin, -10.186723, -4.939203, 10.057910, 2.206049
frame_207.zeroDeg.bin, 23.411713, 5.564870, 22.489601, 8.130019
frame_207.zeroDeg.bin, 11.990954, 4.392029, 11.778170, 5.059793
frame_207.zeroDeg.bin, 11.661299, 5.373985, -10.959662, -2.630825
frame_208.zeroDeg.bin, -12.678509, -5.811558, 10.029583, 2.199836
frame_208.zeroDeg.bin, 23.403929, 5.563020, 22.509350, 8.137158
frame_208.zeroDeg.bin, 12.000343, 4.395468, 11.777250, 5.059398
frame_208.zeroDeg.bin, 11.659482, 5.373148, -10.968413, -2.632926
frame_209.zeroDeg.bin, -12.673965, -5.809474, -11.739673, -5.504292
frame_209.zeroDeg.bin, -10.029724, -4.891619, 10.055957, 2.205620
frame_209.zeroDeg.bin, 23.409767, 5.564407, 22.512171, 8.138179
frame_209.zeroDeg.bin, 11.999405, 4.395124, 11.780006, 5.060582
frame_209.zeroDeg.bin, 11.660390, 5.373567, -10.967442, -2.632693
frame_209.zeroDeg.bin, -15.373393, -4.155047, -16.060999, -4.453449
frame_210.zeroDeg.bin, -12.676691, -5.810724, -11.738768, -5.503868
frame_210.zeroDeg.bin, -10.421398, -5.025868, 10.070609, 2.208834
frame_210.zeroDeg.bin, 23.413658, 5.565332, 22.507469, 8.136479
frame_210.zeroDeg.bin, 12.003160, 4.396500, 11.777250, 5.059398
frame_210.zeroDeg.bin, 11.662206, 5.374403, -10.982027, -2.636194
frame_211.zeroDeg.bin, -10.237111, -4.963635, 10.038375, 2.201764
frame_211.zeroDeg.bin, 23.404902, 5.563251, 22.504648, 8.135459
frame_211.zeroDeg.bin, 11.987198, 4.390653, 11.778170, 5.059793
frame_211.zeroDeg.bin, 11.661299, 5.373985, -10.944104, -2.627090
frame_212.zeroDeg.bin, -12.673055, -5.809058, -11.740578, -5.504717
frame_212.zeroDeg.bin, -10.012647, -4.883290, 10.067678, 2.208191
frame_212.zeroDeg.bin, 23.408794, 5.564177, 22.514053, 8.138859
frame_212.zeroDeg.bin, 12.000343, 4.395468, 11.773575, 5.057819
frame_212.zeroDeg.bin, 11.661299, 5.373985, -10.997585, -2.639928
frame_213.zeroDeg.bin, -12.676691, -5.810724, -11.724281, -5.497076
frame_213.zeroDeg.bin, -10.186723, -4.939203, 10.017862, 2.197265
frame_213.zeroDeg.bin, 23.407822, 5.563945, 22.508410, 8.136819
frame_213.zeroDeg.bin, 12.000343, 4.395468, 11.777250, 5.059398
frame_213.zeroDeg.bin, 11.657067, 5.404590, -10.970358, -2.633393
frame_214.zeroDeg.bin, -12.676691, -5.810724, -11.742389, -5.505566
frame_214.zeroDeg.bin, -10.471840, -5.050194, 10.060841, 2.206692
frame_214.zeroDeg.bin, 23.408794, 5.564177, 22.509350, 8.137158
frame_214.zeroDeg.bin, 12.001283, 4.395812, 11.779087, 5.060187
frame_214.zeroDeg.bin, 11.663115, 5.374822, -11.549212, -2.826272
frame_215.zeroDeg.bin, -12.673965, -5.809474, -11.733335, -5.501321
frame_215.zeroDeg.bin, -10.209217, -4.950110, 10.052050, 2.204763
frame_215.zeroDeg.bin, 23.401985, 5.562558, 22.495243, 8.132059
frame_215.zeroDeg.bin, 11.996588, 4.394093, 11.780006, 5.060582
frame_215.zeroDeg.bin, 11.658573, 5.372729, -10.970358, -2.633393
frame_216.zeroDeg.bin, -12.674873, -5.809891, -11.730618, -5.500048
frame_216.zeroDeg.bin, -9.819157, -4.814587, 10.010048, 2.195551
frame_216.zeroDeg.bin, 23.402958, 5.562789, 22.514053, 8.138859
frame_216.zeroDeg.bin, 12.004100, 4.396844, 11.780925, 5.060977
frame_216.zeroDeg.bin, 11.664023, 5.375241, -10.977165, -2.635026
frame_217.zeroDeg.bin, -12.677601, -5.811141, -11.745106, -5.506840
frame_217.zeroDeg.bin, -10.205618, -4.948365, 10.053026, 2.204978
frame_217.zeroDeg.bin, 23.410740, 5.564639, 22.508410, 8.136819
frame_217.zeroDeg.bin, 12.010674, 4.399251, 11.777250, 5.059398
frame_217.zeroDeg.bin, 11.659482, 5.373148, -10.966469, -2.632459
frame_218.zeroDeg.bin, -12.674873, -5.809891, -11.735146, -5.502170
frame_218.zeroDeg.bin, -10.032419, -4.892933, 10.077446, 2.210334
frame_218.zeroDeg.bin, 23.414631, 5.565564, 22.506529, 8.136139
frame_218.zeroDeg.bin, 11.992832, 4.392717, 11.777250, 5.059398
frame_218.zeroDeg.bin, 11.660390, 5.373567, -10.958691, -2.630592
frame_219.zeroDeg.bin, -12.677601, -5.811141, -11.744200, -5.506415
frame_219.zeroDeg.bin, -10.270404, -4.979778, 10.043259, 2.202835
frame_219.zeroDeg.bin, 23.419497, 5.566720, 22.501827, 8.134439
frame_219.zeroDeg.bin, 12.004100, 4.396844, 11.777250, 5.059398
frame_219.zeroDeg.bin, 11.658573, 5.372729, -10.986889, -2.637361
frame_220.zeroDeg.bin, -12.675782, -5.810308, -11.740578, -5.504717
frame_220.zeroDeg.bin, -10.035116, -4.894248, 10.055957, 2.205620
frame_220.zeroDeg.bin, 23.403929, 5.563020, 22.496183, 8.132400
frame_220.zeroDeg.bin, 11.990015, 4.391685, 11.781844, 5.061371
frame_220.zeroDeg.bin, 11.664931, 5.375659, -10.985917, -2.637127
frame_221.zeroDeg.bin, -12.675782, -5.810308, 10.062795, 2.207120
frame_221.zeroDeg.bin, 23.408794, 5.564177, 22.514992, 8.139198
frame_221.zeroDeg.bin, 12.003160, 4.396500, 11.780006, 5.060582
frame_221.zeroDeg.bin, 11.665839, 5.376078, -10.978138, -2.635260
frame_222.zeroDeg.bin, -12.673055, -5.809058, -11.726091, -5.497925
frame_222.zeroDeg.bin, -10.460130, -5.044547, 10.055957, 2.205620
frame_222.zeroDeg.bin, 23.417549, 5.566257, 22.499945, 8.133759
frame_222.zeroDeg.bin, 12.003160, 4.396500, 11.776332, 5.059003
frame_222.zeroDeg.bin, 11.654941, 5.371056, -10.983972, -2.636660
frame_223.zeroDeg.bin, -12.680327, -5.812391, -11.750538, -5.509387
frame_223.zeroDeg.bin, -10.030622, -4.892056, 10.060841, 2.206692
frame_223.zeroDeg.bin, 23.414631, 5.565564, 22.506529, 8.136139
frame_223.zeroDeg.bin, 11.991893, 4.392373, 11.780006, 5.060582
frame_223.zeroDeg.bin, 11.664023, 5.375241, -10.966469, -2.632459
frame_224.zeroDeg.bin, -12.674873, -5.809891, -11.746916, -5.507689
frame_224.zeroDeg.bin, -10.241611, -4.965817, 10.064748, 2.207548
frame_224.zeroDeg.bin, 23.407822, 5.563945, 22.509350, 8.137158
frame_224.zeroDeg.bin, 11.999405, 4.395124, 11.778170, 5.059793
frame_224.zeroDeg.bin, 11.656757, 5.371892, -10.992723, -2.638761
frame_225.zeroDeg.bin, -12.677601, -5.811141, -11.736957, -5.503019
frame_225.zeroDeg.bin, -10.205618, -4.948365, 10.071586, 2.209048
frame_225.zeroDeg.bin, 23.415606, 5.565795, 22.503708, 8.135119
frame_225.zeroDeg.bin, 11.990015, 4.391685, 11.777250, 5.059398
frame_225.zeroDeg.bin, 11.664931, 5.375659, -10.949939, -2.628491
frame_226.zeroDeg.bin, -12.677601, -5.811141, -11.735146, -5.502170
frame_226.zeroDeg.bin, -10.204718, -4.947929, 9.921820, 2.154275
frame_226.zeroDeg.bin, 23.419497, 5.566720, 22.498066, 8.133080
frame_226.zeroDeg.bin, 11.987198, 4.390653, 11.776332, 5.059003
frame_226.zeroDeg.bin, 11.661299, 5.373985, -10.992723, -2.638761
frame_227.zeroDeg.bin, -12.672146, -5.808641, -11.726996, -5.498349
frame_227.zeroDeg.bin, -10.157028, -4.924806, 10.050096, 2.204335
frame_227.zeroDeg.bin, 23.405876, 5.563483, 22.499945, 8.133759
frame_227.zeroDeg.bin, 11.998466, 4.394780, 11.775413, 5.058609
frame_227.zeroDeg.bin, 11.663115, 5.374822, -10.960635, -2.631058
frame_228.zeroDeg.bin, -12.673965, -5.809474, -11.736051, -5.502594
frame_228.zeroDeg.bin, -9.813770, -4.811945, 10.087214, 2.212476
frame_228.zeroDeg.bin, 23.403929, 5.563020, 22.505589, 8.135799
frame_228.zeroDeg.bin, 11.994710, 4.393404, 11.780006, 5.060582
frame_228.zeroDeg.bin, 11.659482, 5.373148, -10.954801, -2.629658
frame_229.zeroDeg.bin, -12.679419, -5.811975, -11.736957, -5.503019
frame_229.zeroDeg.bin, -10.234411, -4.962327, 10.054979, 2.205406
frame_229.zeroDeg.bin, 23.399065, 5.561864, 22.510292, 8.137499
frame_229.zeroDeg.bin, 12.001283, 4.395812, 11.779087, 5.060187
frame_229.zeroDeg.bin, 11.663115, 5.374822, -10.974249, -2.634326
frame_230.zeroDeg.bin, -12.675782, -5.810308, -11.739673, -5.504292
frame_230.zeroDeg.bin, -10.027027, -4.890304, 10.064748, 2.207548
frame_230.zeroDeg.bin, 23.398092, 5.561632, 22.485840, 8.128659
frame_230.zeroDeg.bin, 11.996588, 4.394093, 11.780006, 5.060582
frame_230.zeroDeg.bin, 11.655849, 5.371474, -10.957718, -2.630358
frame_231.zeroDeg.bin, -12.681236, -5.812808, -11.743295, -5.505991
frame_231.zeroDeg.bin, -10.246110, -4.967998, 10.034468, 2.200907
frame_231.zeroDeg.bin, 23.410740, 5.564639, 22.507469, 8.136479
frame_231.zeroDeg.bin, 12.005039, 4.397188, 11.777250, 5.059398
frame_231.zeroDeg.bin, 11.661604, 5.406693, -10.971331, -2.633626
frame_232.zeroDeg.bin, -12.676691, -5.810724, 10.066701, 2.207977
frame_232.zeroDeg.bin, 23.404902, 5.563251, 22.506529, 8.136139
frame_232.zeroDeg.bin, 11.997527, 4.394436, 11.780006, 5.060582
frame_232.zeroDeg.bin, 11.661299, 5.373985, -10.970358, -2.633393
frame_233.zeroDeg.bin, -12.681236, -5.812808, -11.726091, -5.497925
frame_233.zeroDeg.bin, -10.215516, -4.953164, 10.047166, 2.203692
frame_233.zeroDeg.bin, 23.410740, 5.564639, 22.502766, 8.134779
frame_233.zeroDeg.bin, 11.989076, 4.391341, 11.776332, 5.059003
frame_233.zeroDeg.bin, 11.665839, 5.376078, -10.949939, -2.628491
frame_234.zeroDeg.bin, -12.679419, -5.811975, -11.735146, -5.502170
frame_234.zeroDeg.bin, -10.208318, -4.949674, 10.073539, 2.209476
frame_234.zeroDeg.bin, 23.401985, 5.562558, 22.500887, 8.134099
frame_234.zeroDeg.bin, 11.993771, 4.393061, 11.778170, 5.059793
frame_234.zeroDeg.bin, 11.662206, 5.374403, -10.976193, -2.634793
frame_235.zeroDeg.bin, -12.672146, -5.808641, -11.728808, -5.499198
frame_235.zeroDeg.bin, -9.973099, -4.864002, 10.061817, 2.206906
frame_235.zeroDeg.bin, 23.401985, 5.562558, 22.500887, 8.134099
frame_235.zeroDeg.bin, 11.993771, 4.393061, 11.776332, 5.059003
frame_235.zeroDeg.bin, 11.654033, 5.370637, -10.949939, -2.628491
frame_236.zeroDeg.bin, -12.648969, -5.830334, -11.747822, -5.508113
frame_236.zeroDeg.bin, -10.019836, -4.886796, 10.049119, 2.204121
frame_236.zeroDeg.bin, 23.413658, 5.565332, 22.501827, 8.134439
frame_236.zeroDeg.bin, 11.997527, 4.394436, 11.778170, 5.059793
frame_236.zeroDeg.bin, 11.662206, 5.374403, -10.973276, -2.634093
frame_237.zeroDeg.bin, -12.675782, -5.810308, -11.702551, -5.486887
frame_237.zeroDeg.bin, -10.160627, -4.926551, 10.045213, 2.203264
frame_237.zeroDeg.bin, 23.409767, 5.564407, 22.500887, 8.134099
frame_237.zeroDeg.bin, 11.994710, 4.393404, 11.779087, 5.060187
frame_237.zeroDeg.bin, 11.664931, 5.375659, -10.968413, -2.632926
frame_238.zeroDeg.bin, -12.671237, -5.808224, -11.724281, -5.497076
frame_238.zeroDeg.bin, -9.810178, -4.810184, 10.077446, 2.210334
frame_238.zeroDeg.bin, 23.413658, 5.565332, 22.490541, 8.130360
frame_238.zeroDeg.bin, 11.990015, 4.391685, 11.777250, 5.059398
frame_238.zeroDeg.bin, 11.653439, 5.402907, -10.958691, -2.630592
frame_239.zeroDeg.bin, -12.680327, -5.812391, -11.724281, -5.497076
frame_239.zeroDeg.bin, -10.148030, -4.920443, 10.061817, 2.206906
frame_239.zeroDeg.bin, 23.415606, 5.565795, 22.509350, 8.137158
frame_239.zeroDeg.bin, 11.990015, 4.391685, 11.774493, 5.058214
frame_239.zeroDeg.bin, 11.662206, 5.374403, -10.980083, -2.635727
frame_240.zeroDeg.bin, -12.673055, -5.809058, -11.741484, -5.505142
frame_240.zeroDeg.bin, -10.232613, -4.961454, 10.043259, 2.202835
frame_240.zeroDeg.bin, 23.407822, 5.563945, 22.506529, 8.136139
frame_240.zeroDeg.bin, 11.998466, 4.394780, 11.779087, 5.060187
frame_240.zeroDeg.bin, 11.663115, 5.374822, -10.954801, -2.629658
frame_241.zeroDeg.bin, -12.673965, -5.809474, -11.733335, -5.501321
frame_241.zeroDeg.bin, -10.209217, -4.950110, 10.058887, 2.206263
frame_241.zeroDeg.bin, 23.403929, 5.563020, 22.503708, 8.135119
frame_241.zeroDeg.bin, 11.993771, 4.393061, 11.777250, 5.059398
frame_241.zeroDeg.bin, 11.661299, 5.373985, -10.974249, -2.634326
frame_242.zeroDeg.bin, -12.674873, -5.809891, -11.734241, -5.501745
frame_242.zeroDeg.bin, -10.190321, -4.940948, 10.042282, 2.202621
frame_242.zeroDeg.bin, 23.416578, 5.566026, 22.502766, 8.134779
frame_242.zeroDeg.bin, 12.003160, 4.396500, 11.776332, 5.059003
frame_242.zeroDeg.bin, 11.661299, 5.373985, -10.987862, -2.637594
frame_242.zeroDeg.bin, -15.370497, -4.154264, -16.074490, -4.457190
frame_243.zeroDeg.bin, -12.673965, -5.809474, -11.730618, -5.500048
frame_243.zeroDeg.bin, -10.224514, -4.957527, 10.060841, 2.206692
frame_243.zeroDeg.bin, 23.415606, 5.565795, 22.503708, 8.135119
frame_243.zeroDeg.bin, 12.005979, 4.397532, 11.778170, 5.059793
frame_243.zeroDeg.bin, 11.664023, 5.375241, -10.972303, -2.633860
frame_244.zeroDeg.bin, -12.679419, -5.811975, -11.732430, -5.500896
frame_244.zeroDeg.bin, -10.202918, -4.947056, 10.064748, 2.207548
frame_244.zeroDeg.bin, 23.415606, 5.565795, 22.500887, 8.134099
frame_244.zeroDeg.bin, 11.990015, 4.391685, 11.776332, 5.059003
frame_244.zeroDeg.bin, 11.664023, 5.375241, -10.979111, -2.635494
frame_245.zeroDeg.bin, -12.677601, -5.811141, -11.742389, -5.505566
frame_245.zeroDeg.bin, -10.227214, -4.958836, 10.066701, 2.207977
frame_245.zeroDeg.bin, 23.414631, 5.565564, 22.514992, 8.139198
frame_245.zeroDeg.bin, 11.996588, 4.394093, 11.777250, 5.059398
frame_245.zeroDeg.bin, 11.657666, 5.372311, -10.974249, -2.634326
frame_246.zeroDeg.bin, -12.673965, -5.809474, -11.746010, -5.507264
frame_246.zeroDeg.bin, -10.247009, -4.968434, 10.062795, 2.207120
frame_246.zeroDeg.bin, 23.409767, 5.564407, 22.503708, 8.135119
frame_246.zeroDeg.bin, 12.004100, 4.396844, 11.774493, 5.058214
frame_246.zeroDeg.bin, 11.658882, 5.405431, -10.940215, -2.626157
frame_247.zeroDeg.bin, -12.673965, -5.809474, -11.734241, -5.501745
frame_247.zeroDeg.bin, -10.212817, -4.951856, 10.057910, 2.206049
frame_247.zeroDeg.bin, 23.413658, 5.565332, 22.494303, 8.131720
frame_247.zeroDeg.bin, 11.994710, 4.393404, 11.778170, 5.059793
frame_247.zeroDeg.bin, 11.654941, 5.371056, -10.975221, -2.634560
frame_248.zeroDeg.bin, -12.676691, -5.810724, -11.737862, -5.503443
frame_248.zeroDeg.bin, -10.166027, -4.929169, 10.058887, 2.206263
frame_248.zeroDeg.bin, 23.414631, 5.565564, 22.517815, 8.140219
frame_248.zeroDeg.bin, 11.997527, 4.394436, 11.776332, 5.059003
frame_248.zeroDeg.bin, 11.665839, 5.376078, -10.968413, -2.632926
frame_249.zeroDeg.bin, -12.681236, -5.812808, -11.743295, -5.505991
frame_249.zeroDeg.bin, -10.245210, -4.967562, 9.910093, 2.151728
frame_249.zeroDeg.bin, 23.418522, 5.566489, 22.486778, 8.129000
frame_249.zeroDeg.bin, 11.999405, 4.395124, 11.777250, 5.059398
frame_249.zeroDeg.bin, 11.660390, 5.373567, -10.947994, -2.628024
frame_250.zeroDeg.bin, -12.682146, -5.813225, -11.743295, -5.505991
frame_250.zeroDeg.bin, -10.220915, -4.955782, 10.068655, 2.208405
frame_250.zeroDeg.bin, 23.406849, 5.563714, 22.505589, 8.135799
frame_250.zeroDeg.bin, 11.992832, 4.392717, 11.780925, 5.060977
frame_250.zeroDeg.bin, 11.664931, 5.375659, -10.966469, -2.632459
frame_251.zeroDeg.bin, -12.675782, -5.810308, -11.727902, -5.498774
frame_251.zeroDeg.bin, -10.044105, -4.898632, 10.060841, 2.206692
frame_251.zeroDeg.bin, 23.413658, 5.565332, 22.493362, 8.131379
frame_251.zeroDeg.bin, 11.997527, 4.394436, 11.780006, 5.060582
frame_251.zeroDeg.bin, 11.658573, 5.372729, -10.962580, -2.631525
frame_252.zeroDeg.bin, -12.675782, -5.810308, -11.727902, -5.498774
frame_252.zeroDeg.bin, -9.802996, -4.806663, 10.048142, 2.203906
frame_252.zeroDeg.bin, 23.406849, 5.563714, 22.506529, 8.136139
frame_252.zeroDeg.bin, 11.996588, 4.394093, 11.778170, 5.059793
frame_252.zeroDeg.bin, 11.661299, 5.373985, -11.726712, -2.895939
frame_253.zeroDeg.bin, -12.680327, -5.812391, -11.738768, -5.503868
frame_253.zeroDeg.bin, -10.208318, -4.949674, 9.920843, 2.154063
frame_253.zeroDeg.bin, 23.405876, 5.563483, 22.496183, 8.132400
frame_253.zeroDeg.bin, 11.994710, 4.393404, 11.779087, 5.060187
frame_253.zeroDeg.bin, 11.663115, 5.374822, -10.974249, -2.634326
frame_254.zeroDeg.bin, -12.673055, -5.809058, -11.740578, -5.504717
frame_254.zeroDeg.bin, -10.225414, -4.957964, 10.055957, 2.205620
frame_254.zeroDeg.bin, 23.396147, 5.561170, 22.500887, 8.134099
frame_254.zeroDeg.bin, 12.000343, 4.395468, 11.777250, 5.059398
frame_254.zeroDeg.bin, 11.665839, 5.376078, -10.962580, -2.631525
frame_255.zeroDeg.bin, -12.676691, -5.810724, -11.734241, -5.501745
frame_255.zeroDeg.bin, -10.008152, -4.881098, 10.087214, 2.212476
frame_255.zeroDeg.bin, 23.411713, 5.564870, 22.500887, 8.134099
frame_255.zeroDeg.bin, 11.992832, 4.392717, 11.779087, 5.060187
frame_255.zeroDeg.bin, 11.663115, 5.374822, -11.771370, -2.906967
frame_256.zeroDeg.bin, -12.675782, -5.810308, -11.743295, -5.505991
frame_256.zeroDeg.bin, -10.218215, -4.954473, 10.069632, 2.208620
frame_256.zeroDeg.bin, 23.401985, 5.562558, 22.496183, 8.132400
frame_256.zeroDeg.bin, 11.997527, 4.394436, 11.780006, 5.060582
frame_256.zeroDeg.bin, 11.663115, 5.374822, -10.958691, -2.630592
frame_257.zeroDeg.bin, -12.677601, -5.811141, -11.736957, -5.503019
frame_257.zeroDeg.bin, -9.984783, -4.869701, 10.041305, 2.202407
frame_257.zeroDeg.bin, 23.399065, 5.561864, 22.504648, 8.135459
frame_257.zeroDeg.bin, 12.005979, 4.397532, 11.776332, 5.059003
frame_257.zeroDeg.bin, 11.666140, 5.408796, -10.944104, -2.627090
frame_258.zeroDeg.bin, -12.676691, -5.810724, -11.744200, -5.506415
frame_258.zeroDeg.bin, -10.234411, -4.962327, 10.096005, 2.214404
frame_258.zeroDeg.bin, 23.407822, 5.563945, 22.496183, 8.132400
frame_258.zeroDeg.bin, 11.990954, 4.392029, 11.786101, 5.031106
frame_258.zeroDeg.bin, 11.663115, 5.374822, -10.975221, -2.634560
frame_258.zeroDeg.bin, -15.376289, -4.155830, -16.085089, -4.460129
frame_259.zeroDeg.bin, -12.674873, -5.809891, -11.731524, -5.500472
frame_259.zeroDeg.bin, -10.207417, -4.949238, 10.069632, 2.208620
frame_259.zeroDeg.bin, 23.411713, 5.564870, 22.511230, 8.137839
frame_259.zeroDeg.bin, 11.997527, 4.394436, 11.778170, 5.059793
frame_259.zeroDeg.bin, 11.661299, 5.373985, -10.966469, -2.632459
frame_260.zeroDeg.bin, -12.675782, -5.810308, 10.073539, 2.209476
frame_260.zeroDeg.bin, 23.407822, 5.563945, 22.502766, 8.134779
frame_260.zeroDeg.bin, 11.997527, 4.394436, 11.779087, 5.060187
frame_260.zeroDeg.bin, 11.666747, 5.376496, -10.954801, -2.629658
frame_261.zeroDeg.bin, -12.675782, -5.810308, -11.739673, -5.504292
frame_261.zeroDeg.bin, -10.245210, -4.967562, 9.909117, 2.151516
frame_261.zeroDeg.bin, 23.417549, 5.566257, 22.503708, 8.135119
frame_261.zeroDeg.bin, 12.001283, 4.395812, 11.780006, 5.060582
frame_261.zeroDeg.bin, 11.664023, 5.375241, -10.970358, -2.633393
frame_262.zeroDeg.bin, -12.682146, -5.813225, -11.738768, -5.503868
frame_262.zeroDeg.bin, -10.229013, -4.959709, 10.078423, 2.210548
frame_262.zeroDeg.bin, 23.404902, 5.563251, 22.495243, 8.132059
frame_262.zeroDeg.bin, 11.995648, 4.393748, 11.779087, 5.060187
frame_262.zeroDeg.bin, 11.660390, 5.373567, -11.003420, -2.641329
frame_263.zeroDeg.bin, -12.675782, -5.810308, -11.733335, -5.501321
frame_263.zeroDeg.bin, -10.230813, -4.960581, 10.048142, 2.203906
frame_263.zeroDeg.bin, 23.407822, 5.563945, 22.498066, 8.133080
frame_263.zeroDeg.bin, 11.994710, 4.393404, 11.780006, 5.060582
frame_263.zeroDeg.bin, 11.660390, 5.373567, -10.968413, -2.632926
frame_264.zeroDeg.bin, -12.676691, -5.810724, -11.741484, -5.505142
frame_264.zeroDeg.bin, -10.193021, -4.942257, 10.035444, 2.201121
frame_264.zeroDeg.bin, 23.423388, 5.567645, 22.505589, 8.135799
frame_264.zeroDeg.bin, 11.991893, 4.392373, 11.777250, 5.059398
frame_264.zeroDeg.bin, 11.657975, 5.405010, -10.966469, -2.632459
frame_265.zeroDeg.bin, -12.677601, -5.811141, -11.742389, -5.505566
frame_265.zeroDeg.bin, -10.203818, -4.947493, 10.063771, 2.207334
frame_265.zeroDeg.bin, 23.412685, 5.565101, 22.508410, 8.136819
frame_265.zeroDeg.bin, 11.997527, 4.394436, 11.776332, 5.059003
frame_265.zeroDeg.bin, 11.664023, 5.375241, -10.985917, -2.637127
frame_266.zeroDeg.bin, -12.676691, -5.810724, 10.065725, 2.207763
frame_266.zeroDeg.bin, 23.409767, 5.564407, 22.503708, 8.135119
frame_266.zeroDeg.bin, 11.997527, 4.394436, 11.778170, 5.059793
frame_266.zeroDeg.bin, 10.767392, 5.019728, -2.597676, 0.273174
frame_266.zeroDeg.bin, -3.503987, 0.084277, -10.952856, -2.629191
frame_267.zeroDeg.bin, -12.678509, -5.811558, -11.744200, -5.506415
frame_267.zeroDeg.bin, -9.998265, -4.876276, 10.049119, 2.204121
frame_267.zeroDeg.bin, 23.406849, 5.563714, 22.497126, 8.132740
frame_267.zeroDeg.bin, 11.994710, 4.393404, 11.776332, 5.059003
frame_267.zeroDeg.bin, 11.662206, 5.374403, -11.004393, -2.641562
frame_267.zeroDeg.bin, -15.371463, -4.154525, -16.056181, -4.452113
frame_268.zeroDeg.bin, -12.673965, -5.809474, -11.733335, -5.501321
frame_268.zeroDeg.bin, -9.951528, -4.853481, 10.066701, 2.207977
frame_268.zeroDeg.bin, 23.407822, 5.563945, 22.501827, 8.134439
frame_268.zeroDeg.bin, 11.986259, 4.390309, 11.779087, 5.060187
frame_268.zeroDeg.bin, 11.664931, 5.375659, -10.988833, -2.637827
frame_269.zeroDeg.bin, -12.676691, -5.810724, -11.736957, -5.503019
frame_269.zeroDeg.bin, -10.257807, -4.973670, 10.061817, 2.206906
frame_269.zeroDeg.bin, 23.418522, 5.566489, 22.504648, 8.135459
frame_269.zeroDeg.bin, 11.996588, 4.394093, 11.780925, 5.060977
frame_269.zeroDeg.bin, 11.662206, 5.374403, -10.947994, -2.628024
frame_270.zeroDeg.bin, -9.818259, -4.814147, 9.889571, 2.147273
frame_270.zeroDeg.bin, 23.411713, 5.564870, 22.489601, 8.130019
frame_270.zeroDeg.bin, 11.989076, 4.391341, 11.777250, 5.059398
frame_270.zeroDeg.bin, 11.658573, 5.372729, -10.973276, -2.634093
frame_271.zeroDeg.bin, -12.678509, -5.811558, -11.734241, -5.501745
frame_271.zeroDeg.bin, -10.185822, -4.938767, 10.052050, 2.204763
frame_271.zeroDeg.bin, 23.420469, 5.566951, 22.497126, 8.132740
frame_271.zeroDeg.bin, 12.000343, 4.395468, 11.780006, 5.060582
frame_271.zeroDeg.bin, 11.663115, 5.374822, -10.983972, -2.636660
frame_272.zeroDeg.bin, -12.674873, -5.809891, -11.738768, -5.503868
frame_272.zeroDeg.bin, -10.197520, -4.944439, 10.059864, 2.206477
frame_272.zeroDeg.bin, 23.413658, 5.565332, 22.482077, 8.127300
frame_272.zeroDeg.bin, 11.993771, 4.393061, 11.777250, 5.059398
frame_272.zeroDeg.bin, 11.662206, 5.374403, -10.952856, -2.629191
frame_273.zeroDeg.bin, -12.675782, -5.810308, -11.712510, -5.491557
frame_273.zeroDeg.bin, -10.185822, -4.938767, 9.888595, 2.147061
frame_273.zeroDeg.bin, 23.401985, 5.562558, 22.497126, 8.132740
frame_273.zeroDeg.bin, 11.995648, 4.393748, 11.780006, 5.060582
frame_273.zeroDeg.bin, 11.664931, 5.375659, -10.957718, -2.630358
frame_274.zeroDeg.bin, -12.678509, -5.811558, -11.743295, -5.505991
frame_274.zeroDeg.bin, -10.227214, -4.958836, 10.048142, 2.203906
frame_274.zeroDeg.bin, 23.417549, 5.566257, 22.487720, 8.129340
frame_274.zeroDeg.bin, 11.995648, 4.393748, 11.776332, 5.059003
frame_274.zeroDeg.bin, 11.658573, 5.372729, -11.001475, -2.640862
frame_275.zeroDeg.bin, -12.673055, -5.809058, -11.716131, -5.493255
frame_275.zeroDeg.bin, -10.240710, -4.965380, 10.044235, 2.203049
frame_275.zeroDeg.bin, 23.413658, 5.565332, 22.499945, 8.133759
frame_275.zeroDeg.bin, 11.999405, 4.395124, 11.779087, 5.060187
frame_275.zeroDeg.bin, 11.664931, 5.375659, -10.963552, -2.631759
frame_276.zeroDeg.bin, -12.675782, -5.810308, -11.746916, -5.507689
frame_276.zeroDeg.bin, -10.447519, -5.038465, 10.075492, 2.209905
frame_276.zeroDeg.bin, 23.411713, 5.564870, 22.484900, 8.128320
frame_276.zeroDeg.bin, 11.995648, 4.393748, 11.778170, 5.059793
frame_276.zeroDeg.bin, 11.663115, 5.374822, -10.992723, -2.638761
frame_277.zeroDeg.bin, -12.673055, -5.809058, -11.745106, -5.506840
frame_277.zeroDeg.bin, -10.189422, -4.940512, 10.053026, 2.204978
frame_277.zeroDeg.bin, 23.396147, 5.561170, 22.512171, 8.138179
frame_277.zeroDeg.bin, 12.000343, 4.395468, 11.779087, 5.060187
frame_277.zeroDeg.bin, 11.657666, 5.372311, -10.976193, -2.634793
frame_278.zeroDeg.bin, -12.678509, -5.811558, -11.749633, -5.508962
frame_278.zeroDeg.bin, -10.198420, -4.944875, 10.065725, 2.207763
frame_278.zeroDeg.bin, 23.405876, 5.563483, 22.502766, 8.134779
frame_278.zeroDeg.bin, 11.987198, 4.390653, 11.780006, 5.060582
frame_278.zeroDeg.bin, 11.664023, 5.375241, -10.941187, -2.626390
frame_279.zeroDeg.bin, -12.674873, -5.809891, -11.739673, -5.504292
frame_279.zeroDeg.bin, -9.995569, -4.874961, 10.080376, 2.210976
frame_279.zeroDeg.bin, 23.397120, 5.561401, 22.496183, 8.132400
frame_279.zeroDeg.bin, 11.993771, 4.393061, 11.774493, 5.058214
frame_279.zeroDeg.bin, 11.661299, 5.373985, -10.980083, -2.635727
frame_280.zeroDeg.bin, -12.677601, -5.811141, 10.066701, 2.207977
frame_280.zeroDeg.bin, 23.399065, 5.561864, 22.497126, 8.132740
frame_280.zeroDeg.bin, 11.999405, 4.395124, 11.780006, 5.060582
frame_280.zeroDeg.bin, 11.665233, 5.408375, -10.979111, -2.635494
frame_281.zeroDeg.bin, -12.676691, -5.810724, -11.733335, -5.501321
frame_281.zeroDeg.bin, -10.256007, -4.972797, 10.039351, 2.201978
frame_281.zeroDeg.bin, 23.396147, 5.561170, 22.507469, 8.136479
frame_281.zeroDeg.bin, 11.990015, 4.391685, 11.777250, 5.059398
frame_281.zeroDeg.bin, 11.664023, 5.375241, -10.947994, -2.628024
frame_282.zeroDeg.bin, -12.674873, -5.809891, -11.740578, -5.504717
frame_282.zeroDeg.bin, -10.215516, -4.953164, 10.054979, 2.205406
frame_282.zeroDeg.bin, 23.416578, 5.566026, 22.508410, 8.136819
frame_282.zeroDeg.bin, 12.001283, 4.395812, 11.779087, 5.060187
frame_282.zeroDeg.bin, 11.661299, 5.373985, -10.983972, -2.636660
frame_283.zeroDeg.bin, -12.676691, -5.810724, -11.741484, -5.505142
frame_283.zeroDeg.bin, -10.217316, -4.954037, 10.068655, 2.208405
frame_283.zeroDeg.bin, 23.410740, 5.564639, 22.509350, 8.137158
frame_283.zeroDeg.bin, 11.999405, 4.395124, 11.780006, 5.060582
frame_283.zeroDeg.bin, 11.664931, 5.375659, -10.986889, -2.637361
frame_284.zeroDeg.bin, -12.673965, -5.809474, -11.717943, -5.494104
frame_284.zeroDeg.bin, -10.175024, -4.933531, 10.046189, 2.203478
frame_284.zeroDeg.bin, 23.409767, 5.564407, 22.514053, 8.138859
frame_284.zeroDeg.bin, 11.997527, 4.394436, 11.777250, 5.059398
frame_284.zeroDeg.bin, 11.664023, 5.375241, -10.978138, -2.635260
frame_285.zeroDeg.bin, -12.673055, -5.809058, -11.745106, -5.506840
frame_285.zeroDeg.bin, -10.192121, -4.941821, 10.060841, 2.206692
frame_285.zeroDeg.bin, 23.407822, 5.563945, 22.511230, 8.137839
frame_285.zeroDeg.bin, 11.996588, 4.394093, 11.777250, 5.059398
frame_285.zeroDeg.bin, 11.659482, 5.373148, -10.959662, -2.630825
